--
-- PostgreSQL database dump
--

\restrict oeBex9QBoMSsoIS8AcTu2N8S6e5fUEYvA0bF4GbhWyLQbV8sRapmsTv91OUPKcx

-- Dumped from database version 14.20 (Homebrew)
-- Dumped by pg_dump version 14.20 (Homebrew)

SET statement_timeout = 0;
SET lock_timeout = 0;
SET idle_in_transaction_session_timeout = 0;
SET client_encoding = 'UTF8';
SET standard_conforming_strings = on;
SELECT pg_catalog.set_config('search_path', '', false);
SET check_function_bodies = false;
SET xmloption = content;
SET client_min_messages = warning;
SET row_security = off;

SET default_tablespace = '';

SET default_table_access_method = heap;

--
-- Name: auth_group; Type: TABLE; Schema: public; Owner: makadiyapreet
--

CREATE TABLE public.auth_group (
    id integer NOT NULL,
    name character varying(150) NOT NULL
);


ALTER TABLE public.auth_group OWNER TO makadiyapreet;

--
-- Name: auth_group_id_seq; Type: SEQUENCE; Schema: public; Owner: makadiyapreet
--

ALTER TABLE public.auth_group ALTER COLUMN id ADD GENERATED BY DEFAULT AS IDENTITY (
    SEQUENCE NAME public.auth_group_id_seq
    START WITH 1
    INCREMENT BY 1
    NO MINVALUE
    NO MAXVALUE
    CACHE 1
);


--
-- Name: auth_group_permissions; Type: TABLE; Schema: public; Owner: makadiyapreet
--

CREATE TABLE public.auth_group_permissions (
    id bigint NOT NULL,
    group_id integer NOT NULL,
    permission_id integer NOT NULL
);


ALTER TABLE public.auth_group_permissions OWNER TO makadiyapreet;

--
-- Name: auth_group_permissions_id_seq; Type: SEQUENCE; Schema: public; Owner: makadiyapreet
--

ALTER TABLE public.auth_group_permissions ALTER COLUMN id ADD GENERATED BY DEFAULT AS IDENTITY (
    SEQUENCE NAME public.auth_group_permissions_id_seq
    START WITH 1
    INCREMENT BY 1
    NO MINVALUE
    NO MAXVALUE
    CACHE 1
);


--
-- Name: auth_permission; Type: TABLE; Schema: public; Owner: makadiyapreet
--

CREATE TABLE public.auth_permission (
    id integer NOT NULL,
    name character varying(255) NOT NULL,
    content_type_id integer NOT NULL,
    codename character varying(100) NOT NULL
);


ALTER TABLE public.auth_permission OWNER TO makadiyapreet;

--
-- Name: auth_permission_id_seq; Type: SEQUENCE; Schema: public; Owner: makadiyapreet
--

ALTER TABLE public.auth_permission ALTER COLUMN id ADD GENERATED BY DEFAULT AS IDENTITY (
    SEQUENCE NAME public.auth_permission_id_seq
    START WITH 1
    INCREMENT BY 1
    NO MINVALUE
    NO MAXVALUE
    CACHE 1
);


--
-- Name: authtoken_token; Type: TABLE; Schema: public; Owner: makadiyapreet
--

CREATE TABLE public.authtoken_token (
    key character varying(40) NOT NULL,
    created timestamp with time zone NOT NULL,
    user_id bigint NOT NULL
);


ALTER TABLE public.authtoken_token OWNER TO makadiyapreet;

--
-- Name: catering_booking; Type: TABLE; Schema: public; Owner: makadiyapreet
--

CREATE TABLE public.catering_booking (
    id bigint NOT NULL,
    name character varying(100) NOT NULL,
    phone character varying(20) NOT NULL,
    event_date date NOT NULL,
    event_type character varying(50) NOT NULL,
    guest_count integer NOT NULL,
    meal_time character varying(50),
    package_type character varying(100) NOT NULL,
    venue character varying(200),
    message text,
    created_at timestamp with time zone NOT NULL
);


ALTER TABLE public.catering_booking OWNER TO makadiyapreet;

--
-- Name: catering_booking_id_seq; Type: SEQUENCE; Schema: public; Owner: makadiyapreet
--

ALTER TABLE public.catering_booking ALTER COLUMN id ADD GENERATED BY DEFAULT AS IDENTITY (
    SEQUENCE NAME public.catering_booking_id_seq
    START WITH 1
    INCREMENT BY 1
    NO MINVALUE
    NO MAXVALUE
    CACHE 1
);


--
-- Name: catering_category; Type: TABLE; Schema: public; Owner: makadiyapreet
--

CREATE TABLE public.catering_category (
    id bigint NOT NULL,
    name character varying(100) NOT NULL,
    image character varying(100),
    gujarati_name character varying(100),
    "order" integer NOT NULL,
    CONSTRAINT catering_category_order_check CHECK (("order" >= 0))
);


ALTER TABLE public.catering_category OWNER TO makadiyapreet;

--
-- Name: catering_category_id_seq; Type: SEQUENCE; Schema: public; Owner: makadiyapreet
--

ALTER TABLE public.catering_category ALTER COLUMN id ADD GENERATED BY DEFAULT AS IDENTITY (
    SEQUENCE NAME public.catering_category_id_seq
    START WITH 1
    INCREMENT BY 1
    NO MINVALUE
    NO MAXVALUE
    CACHE 1
);


--
-- Name: catering_cateringevent; Type: TABLE; Schema: public; Owner: makadiyapreet
--

CREATE TABLE public.catering_cateringevent (
    id bigint NOT NULL,
    title character varying(200) NOT NULL,
    date date NOT NULL,
    guests integer NOT NULL,
    event_type character varying(100) NOT NULL,
    contact_number character varying(15),
    description text NOT NULL,
    status character varying(20) NOT NULL,
    venue character varying(200) NOT NULL,
    advance_amount numeric(10,2) NOT NULL,
    rate numeric(10,2) NOT NULL,
    staff_count integer NOT NULL
);


ALTER TABLE public.catering_cateringevent OWNER TO makadiyapreet;

--
-- Name: catering_cateringevent_id_seq; Type: SEQUENCE; Schema: public; Owner: makadiyapreet
--

ALTER TABLE public.catering_cateringevent ALTER COLUMN id ADD GENERATED BY DEFAULT AS IDENTITY (
    SEQUENCE NAME public.catering_cateringevent_id_seq
    START WITH 1
    INCREMENT BY 1
    NO MINVALUE
    NO MAXVALUE
    CACHE 1
);


--
-- Name: catering_cateringevent_menu_items; Type: TABLE; Schema: public; Owner: makadiyapreet
--

CREATE TABLE public.catering_cateringevent_menu_items (
    id bigint NOT NULL,
    cateringevent_id bigint NOT NULL,
    menu_item_id bigint NOT NULL
);


ALTER TABLE public.catering_cateringevent_menu_items OWNER TO makadiyapreet;

--
-- Name: catering_cateringevent_menu_items_id_seq; Type: SEQUENCE; Schema: public; Owner: makadiyapreet
--

ALTER TABLE public.catering_cateringevent_menu_items ALTER COLUMN id ADD GENERATED BY DEFAULT AS IDENTITY (
    SEQUENCE NAME public.catering_cateringevent_menu_items_id_seq
    START WITH 1
    INCREMENT BY 1
    NO MINVALUE
    NO MAXVALUE
    CACHE 1
);


--
-- Name: catering_member; Type: TABLE; Schema: public; Owner: makadiyapreet
--

CREATE TABLE public.catering_member (
    id bigint NOT NULL,
    name character varying(100) NOT NULL,
    phone character varying(15) NOT NULL,
    default_rate numeric(10,2) NOT NULL,
    advance_amount numeric(10,2) NOT NULL
);


ALTER TABLE public.catering_member OWNER TO makadiyapreet;

--
-- Name: catering_member_id_seq; Type: SEQUENCE; Schema: public; Owner: makadiyapreet
--

ALTER TABLE public.catering_member ALTER COLUMN id ADD GENERATED BY DEFAULT AS IDENTITY (
    SEQUENCE NAME public.catering_member_id_seq
    START WITH 1
    INCREMENT BY 1
    NO MINVALUE
    NO MAXVALUE
    CACHE 1
);


--
-- Name: catering_memberlog; Type: TABLE; Schema: public; Owner: makadiyapreet
--

CREATE TABLE public.catering_memberlog (
    id bigint NOT NULL,
    date date NOT NULL,
    place character varying(200) NOT NULL,
    staff_count integer NOT NULL,
    rate numeric(10,2) NOT NULL,
    total_amount numeric(10,2) NOT NULL,
    advance_given numeric(10,2) NOT NULL,
    settled_amount numeric(10,2) NOT NULL,
    entry_by character varying(100) NOT NULL,
    created_at timestamp with time zone NOT NULL,
    member_id bigint NOT NULL
);


ALTER TABLE public.catering_memberlog OWNER TO makadiyapreet;

--
-- Name: catering_memberlog_id_seq; Type: SEQUENCE; Schema: public; Owner: makadiyapreet
--

ALTER TABLE public.catering_memberlog ALTER COLUMN id ADD GENERATED BY DEFAULT AS IDENTITY (
    SEQUENCE NAME public.catering_memberlog_id_seq
    START WITH 1
    INCREMENT BY 1
    NO MINVALUE
    NO MAXVALUE
    CACHE 1
);


--
-- Name: catering_menu; Type: TABLE; Schema: public; Owner: makadiyapreet
--

CREATE TABLE public.catering_menu (
    id bigint NOT NULL,
    title character varying(100) NOT NULL,
    created_at timestamp with time zone NOT NULL,
    event_id bigint NOT NULL,
    price_per_plate numeric(10,2) NOT NULL,
    note text
);


ALTER TABLE public.catering_menu OWNER TO makadiyapreet;

--
-- Name: catering_menu_id_seq; Type: SEQUENCE; Schema: public; Owner: makadiyapreet
--

ALTER TABLE public.catering_menu ALTER COLUMN id ADD GENERATED BY DEFAULT AS IDENTITY (
    SEQUENCE NAME public.catering_menu_id_seq
    START WITH 1
    INCREMENT BY 1
    NO MINVALUE
    NO MAXVALUE
    CACHE 1
);


--
-- Name: catering_menu_item; Type: TABLE; Schema: public; Owner: makadiyapreet
--

CREATE TABLE public.catering_menu_item (
    id bigint NOT NULL,
    name character varying(100) NOT NULL,
    image character varying(100),
    category_id bigint NOT NULL,
    description text,
    gujarati_name character varying(200)
);


ALTER TABLE public.catering_menu_item OWNER TO makadiyapreet;

--
-- Name: catering_menu_item_id_seq; Type: SEQUENCE; Schema: public; Owner: makadiyapreet
--

ALTER TABLE public.catering_menu_item ALTER COLUMN id ADD GENERATED BY DEFAULT AS IDENTITY (
    SEQUENCE NAME public.catering_menu_item_id_seq
    START WITH 1
    INCREMENT BY 1
    NO MINVALUE
    NO MAXVALUE
    CACHE 1
);


--
-- Name: catering_menu_items; Type: TABLE; Schema: public; Owner: makadiyapreet
--

CREATE TABLE public.catering_menu_items (
    id bigint NOT NULL,
    menu_id bigint NOT NULL,
    menu_item_id bigint NOT NULL
);


ALTER TABLE public.catering_menu_items OWNER TO makadiyapreet;

--
-- Name: catering_menu_items_id_seq; Type: SEQUENCE; Schema: public; Owner: makadiyapreet
--

ALTER TABLE public.catering_menu_items ALTER COLUMN id ADD GENERATED BY DEFAULT AS IDENTITY (
    SEQUENCE NAME public.catering_menu_items_id_seq
    START WITH 1
    INCREMENT BY 1
    NO MINVALUE
    NO MAXVALUE
    CACHE 1
);


--
-- Name: catering_user; Type: TABLE; Schema: public; Owner: makadiyapreet
--

CREATE TABLE public.catering_user (
    id bigint NOT NULL,
    password character varying(128) NOT NULL,
    last_login timestamp with time zone,
    is_superuser boolean NOT NULL,
    username character varying(150) NOT NULL,
    first_name character varying(150) NOT NULL,
    last_name character varying(150) NOT NULL,
    is_staff boolean NOT NULL,
    is_active boolean NOT NULL,
    date_joined timestamp with time zone NOT NULL,
    email character varying(254) NOT NULL,
    phone_number character varying(15) NOT NULL,
    profile_image character varying(100) NOT NULL,
    user_type character varying(10) NOT NULL
);


ALTER TABLE public.catering_user OWNER TO makadiyapreet;

--
-- Name: catering_user_groups; Type: TABLE; Schema: public; Owner: makadiyapreet
--

CREATE TABLE public.catering_user_groups (
    id bigint NOT NULL,
    user_id bigint NOT NULL,
    group_id integer NOT NULL
);


ALTER TABLE public.catering_user_groups OWNER TO makadiyapreet;

--
-- Name: catering_user_groups_id_seq; Type: SEQUENCE; Schema: public; Owner: makadiyapreet
--

ALTER TABLE public.catering_user_groups ALTER COLUMN id ADD GENERATED BY DEFAULT AS IDENTITY (
    SEQUENCE NAME public.catering_user_groups_id_seq
    START WITH 1
    INCREMENT BY 1
    NO MINVALUE
    NO MAXVALUE
    CACHE 1
);


--
-- Name: catering_user_id_seq; Type: SEQUENCE; Schema: public; Owner: makadiyapreet
--

ALTER TABLE public.catering_user ALTER COLUMN id ADD GENERATED BY DEFAULT AS IDENTITY (
    SEQUENCE NAME public.catering_user_id_seq
    START WITH 1
    INCREMENT BY 1
    NO MINVALUE
    NO MAXVALUE
    CACHE 1
);


--
-- Name: catering_user_user_permissions; Type: TABLE; Schema: public; Owner: makadiyapreet
--

CREATE TABLE public.catering_user_user_permissions (
    id bigint NOT NULL,
    user_id bigint NOT NULL,
    permission_id integer NOT NULL
);


ALTER TABLE public.catering_user_user_permissions OWNER TO makadiyapreet;

--
-- Name: catering_user_user_permissions_id_seq; Type: SEQUENCE; Schema: public; Owner: makadiyapreet
--

ALTER TABLE public.catering_user_user_permissions ALTER COLUMN id ADD GENERATED BY DEFAULT AS IDENTITY (
    SEQUENCE NAME public.catering_user_user_permissions_id_seq
    START WITH 1
    INCREMENT BY 1
    NO MINVALUE
    NO MAXVALUE
    CACHE 1
);


--
-- Name: django_admin_log; Type: TABLE; Schema: public; Owner: makadiyapreet
--

CREATE TABLE public.django_admin_log (
    id integer NOT NULL,
    action_time timestamp with time zone NOT NULL,
    object_id text,
    object_repr character varying(200) NOT NULL,
    action_flag smallint NOT NULL,
    change_message text NOT NULL,
    content_type_id integer,
    user_id bigint NOT NULL,
    CONSTRAINT django_admin_log_action_flag_check CHECK ((action_flag >= 0))
);


ALTER TABLE public.django_admin_log OWNER TO makadiyapreet;

--
-- Name: django_admin_log_id_seq; Type: SEQUENCE; Schema: public; Owner: makadiyapreet
--

ALTER TABLE public.django_admin_log ALTER COLUMN id ADD GENERATED BY DEFAULT AS IDENTITY (
    SEQUENCE NAME public.django_admin_log_id_seq
    START WITH 1
    INCREMENT BY 1
    NO MINVALUE
    NO MAXVALUE
    CACHE 1
);


--
-- Name: django_content_type; Type: TABLE; Schema: public; Owner: makadiyapreet
--

CREATE TABLE public.django_content_type (
    id integer NOT NULL,
    app_label character varying(100) NOT NULL,
    model character varying(100) NOT NULL
);


ALTER TABLE public.django_content_type OWNER TO makadiyapreet;

--
-- Name: django_content_type_id_seq; Type: SEQUENCE; Schema: public; Owner: makadiyapreet
--

ALTER TABLE public.django_content_type ALTER COLUMN id ADD GENERATED BY DEFAULT AS IDENTITY (
    SEQUENCE NAME public.django_content_type_id_seq
    START WITH 1
    INCREMENT BY 1
    NO MINVALUE
    NO MAXVALUE
    CACHE 1
);


--
-- Name: django_migrations; Type: TABLE; Schema: public; Owner: makadiyapreet
--

CREATE TABLE public.django_migrations (
    id bigint NOT NULL,
    app character varying(255) NOT NULL,
    name character varying(255) NOT NULL,
    applied timestamp with time zone NOT NULL
);


ALTER TABLE public.django_migrations OWNER TO makadiyapreet;

--
-- Name: django_migrations_id_seq; Type: SEQUENCE; Schema: public; Owner: makadiyapreet
--

ALTER TABLE public.django_migrations ALTER COLUMN id ADD GENERATED BY DEFAULT AS IDENTITY (
    SEQUENCE NAME public.django_migrations_id_seq
    START WITH 1
    INCREMENT BY 1
    NO MINVALUE
    NO MAXVALUE
    CACHE 1
);


--
-- Name: django_session; Type: TABLE; Schema: public; Owner: makadiyapreet
--

CREATE TABLE public.django_session (
    session_key character varying(40) NOT NULL,
    session_data text NOT NULL,
    expire_date timestamp with time zone NOT NULL
);


ALTER TABLE public.django_session OWNER TO makadiyapreet;

--
-- Data for Name: auth_group; Type: TABLE DATA; Schema: public; Owner: makadiyapreet
--

COPY public.auth_group (id, name) FROM stdin;
\.


--
-- Data for Name: auth_group_permissions; Type: TABLE DATA; Schema: public; Owner: makadiyapreet
--

COPY public.auth_group_permissions (id, group_id, permission_id) FROM stdin;
\.


--
-- Data for Name: auth_permission; Type: TABLE DATA; Schema: public; Owner: makadiyapreet
--

COPY public.auth_permission (id, name, content_type_id, codename) FROM stdin;
1	Can add log entry	1	add_logentry
2	Can change log entry	1	change_logentry
3	Can delete log entry	1	delete_logentry
4	Can view log entry	1	view_logentry
5	Can add permission	3	add_permission
6	Can change permission	3	change_permission
7	Can delete permission	3	delete_permission
8	Can view permission	3	view_permission
9	Can add group	2	add_group
10	Can change group	2	change_group
11	Can delete group	2	delete_group
12	Can view group	2	view_group
13	Can add content type	4	add_contenttype
14	Can change content type	4	change_contenttype
15	Can delete content type	4	delete_contenttype
16	Can view content type	4	view_contenttype
17	Can add session	5	add_session
18	Can change session	5	change_session
19	Can delete session	5	delete_session
20	Can view session	5	view_session
21	Can add Token	6	add_token
22	Can change Token	6	change_token
23	Can delete Token	6	delete_token
24	Can view Token	6	view_token
25	Can add Token	7	add_tokenproxy
26	Can change Token	7	change_tokenproxy
27	Can delete Token	7	delete_tokenproxy
28	Can view Token	7	view_tokenproxy
29	Can add category	8	add_category
30	Can change category	8	change_category
31	Can delete category	8	delete_category
32	Can view category	8	view_category
33	Can add user	10	add_user
34	Can change user	10	change_user
35	Can delete user	10	delete_user
36	Can view user	10	view_user
37	Can add menu_item	9	add_menu_item
38	Can change menu_item	9	change_menu_item
39	Can delete menu_item	9	delete_menu_item
40	Can view menu_item	9	view_menu_item
41	Can add catering event	11	add_cateringevent
42	Can change catering event	11	change_cateringevent
43	Can delete catering event	11	delete_cateringevent
44	Can view catering event	11	view_cateringevent
45	Can add staff member	12	add_staffmember
46	Can change staff member	12	change_staffmember
47	Can delete staff member	12	delete_staffmember
48	Can view staff member	12	view_staffmember
49	Can add member	13	add_member
50	Can change member	13	change_member
51	Can delete member	13	delete_member
52	Can view member	13	view_member
53	Can add member log	14	add_memberlog
54	Can change member log	14	change_memberlog
55	Can delete member log	14	delete_memberlog
56	Can view member log	14	view_memberlog
57	Can add menu	15	add_menu
58	Can change menu	15	change_menu
59	Can delete menu	15	delete_menu
60	Can view menu	15	view_menu
61	Can add booking	16	add_booking
62	Can change booking	16	change_booking
63	Can delete booking	16	delete_booking
64	Can view booking	16	view_booking
\.


--
-- Data for Name: authtoken_token; Type: TABLE DATA; Schema: public; Owner: makadiyapreet
--

COPY public.authtoken_token (key, created, user_id) FROM stdin;
a259f0ed3a812872de922d87adb07fc1754fc641	2026-01-01 11:43:44.165641+05:30	1
c0658cb8735146af204c48fe169a47973b8cc8fb	2026-01-02 09:57:03.827313+05:30	2
\.


--
-- Data for Name: catering_booking; Type: TABLE DATA; Schema: public; Owner: makadiyapreet
--

COPY public.catering_booking (id, name, phone, event_date, event_type, guest_count, meal_time, package_type, venue, message, created_at) FROM stdin;
1	Makadiya Preet Atulbhai	8160238745	2026-01-26	Wedding	1234	High Tea	Ultimate Bash	Palace	no	2026-01-03 15:13:36.533443+05:30
2	Makadiya Preet Atulbhai	8160238745	2026-01-17	Ring Ceremony	123	Dinner	Ultimate Bash	Palace	no	2026-01-03 15:19:08.704217+05:30
3	Makadiya Preet Atulbhai	9427788144	2026-01-22	Ring Ceremony	234	Lunch	Custom			2026-01-03 16:05:37.473285+05:30
\.


--
-- Data for Name: catering_category; Type: TABLE DATA; Schema: public; Owner: makadiyapreet
--

COPY public.catering_category (id, name, image, gujarati_name, "order") FROM stdin;
10	Gujarati Curries		ગુજરાતી શાક	9
9	Indian Breads (Roti)		રોટી અને નાન	8
8	Hot Halwa & Shrikhand		હોટ હલવો અને શ્રીખંડ	7
7	Special Liquid Sweets		સ્પેશિયલ લિક્વિડ મીઠાઈ	6
6	Pure Ghee Sweets		શુદ્ધ ઘીની મીઠાઈ	5
5	Starters		સ્ટાર્ટર્સ	4
4	Soups		સૂપ	3
2	Biting		બાઈટિંગ	2
1	Welcome Drinks	category_images/Welcome_Drinks.jpeg	વેલકમ ડ્રિંક્સ	1
11	Punjabi Curries		પંજાબી શાક	10
12	Kathiyawadi Counter		કાઠીયાવાડી કાઉન્ટર	11
13	Farsan		ફરસાણ	12
14	Chaat		ચાટ	13
15	Pizza & Toast		પિઝા અને ટોસ્ટ	14
16	South Indian		સાઉથ ઇન્ડિયન	15
17	Italian & Mexican		ઇટાલિયન અને મેક્સિકન	16
18	Chinese Menu		ચાઈનીઝ	17
19	Live Snacks Counter		લાઈવ નાસ્તા કાઉન્ટર	18
20	Dal & Rice		દાળ અને રાઈસ	19
21	Salads		સલાડ	20
22	Papad, Chutney & Pickles		પાપડ, ચટણી અને અચાર	21
23	Buttermilk		છાશ	22
24	Water		પાણી	23
26	Morning Breakfast		મોર્નિંગ નાસ્તો	25
25	Desserts		ડેઝર્ટ	24
27	Sanjhi Nasto		સાંજી નાસ્તો	26
\.


--
-- Data for Name: catering_cateringevent; Type: TABLE DATA; Schema: public; Owner: makadiyapreet
--

COPY public.catering_cateringevent (id, title, date, guests, event_type, contact_number, description, status, venue, advance_amount, rate, staff_count) FROM stdin;
6	Preet	2026-01-29	1234	Corporate	8160238745	no	confirmed	Palace	0.00	0.00	0
8	Preet	2026-01-17	234	Wedding	8160238745		pending	Swagat Caterers	0.00	0.00	0
\.


--
-- Data for Name: catering_cateringevent_menu_items; Type: TABLE DATA; Schema: public; Owner: makadiyapreet
--

COPY public.catering_cateringevent_menu_items (id, cateringevent_id, menu_item_id) FROM stdin;
\.


--
-- Data for Name: catering_member; Type: TABLE DATA; Schema: public; Owner: makadiyapreet
--

COPY public.catering_member (id, name, phone, default_rate, advance_amount) FROM stdin;
\.


--
-- Data for Name: catering_memberlog; Type: TABLE DATA; Schema: public; Owner: makadiyapreet
--

COPY public.catering_memberlog (id, date, place, staff_count, rate, total_amount, advance_given, settled_amount, entry_by, created_at, member_id) FROM stdin;
\.


--
-- Data for Name: catering_menu; Type: TABLE DATA; Schema: public; Owner: makadiyapreet
--

COPY public.catering_menu (id, title, created_at, event_id, price_per_plate, note) FROM stdin;
5	Lunch	2026-01-12 21:00:35.182168+05:30	6	344.00	
6	Lunch	2026-01-17 19:48:57.494394+05:30	8	1110.00	
\.


--
-- Data for Name: catering_menu_item; Type: TABLE DATA; Schema: public; Owner: makadiyapreet
--

COPY public.catering_menu_item (id, name, image, category_id, description, gujarati_name) FROM stdin;
1	Black Grape Orange		1	\N	બ્લેક ગ્રેપ સંતરું
2	Black Grape Pineapple		1	\N	બ્લેક ગ્રેપ પાઈનેપલ
3	Bombay Boom		1	\N	બોમ્બે બૂમ
4	Cocktail Juice		1	\N	કોકટેલ જ્યુસ
5	Cold Coffee		1	\N	કોલ્ડ કૉફી
6	Coconut Water		1	\N	નાળિયેર પાણી
7	Dadam Darbari		1	\N	દાદમ દરબારી
8	Film City		1	\N	ફિલ્મ સિટી
9	Fruit Dish		1	\N	ફ્રૂટ ડિશ
10	Fruit Punch		1	\N	ફ્રૂટ પંચ
11	Green Grape Pineapple		1	\N	લીલા દ્રાક્ષ પાઈનેપલ
12	Green Magic		1	\N	ગ્રીન મેજિક
13	Guava Juice		1	\N	જામફળ જ્યુસ
14	Ice Tea		1	\N	આઇસ ટી
15	Jalpari		1	\N	જલપરી
16	Kabul (Black Grape Lychee)		1	\N	કાબુલ (બ્લેક ગ્રેપ લિચી)
17	Kiwi Lychee Cooler		1	\N	કિવી લિચી કૂલર
18	Lemon Mint Mojito		1	\N	લીંબુ મિન્ટ મોજીતો
19	Lemon Sharbat		1	\N	લીંબુ શરબત
20	Lychee Limca		1	\N	લિચી લિમ્કા
21	Orange Blossom		1	\N	ઓરેન્જ બ્લોસમ
22	Orange Juice		1	\N	સંતરું જ્યુસ
23	Orange Strawberry Juice		1	\N	સંતરું સ્ટ્રોબેરી જ્યુસ
24	Pina Colada		1	\N	પિના કોલાડા
25	Pineapple Black Grape		1	\N	પાઈનેપલ બ્લેક ગ્રેપ
26	Pineapple Juice		1	\N	પાઈનેપલ જ્યુસ
27	Pineapple Kiwi		1	\N	પાઈનેપલ કિવી
28	Pineapple Lemon Juice		1	\N	પાઈનેપલ લીંબુ જ્યુસ
29	Pineapple Mosambi Juice		1	\N	પાઈનેપલ મોસંબી જ્યુસ
30	Pineapple Shake		1	\N	પાઈનેપલ શેક
31	Pineapple Strawberry Pulp		1	\N	પાઈનેપલ સ્ટ્રોબેરી પલ્પ
32	Pomegranate Punch		1	\N	દાડમ પંચ
33	Shimran		1	\N	શિમરન
34	Shot Counter		1	\N	શોટ કાઉન્ટર
35	Strawberry Juice		1	\N	સ્ટ્રોબેરી જ્યુસ
36	Strawberry Shake		1	\N	સ્ટ્રોબેરી શેક
37	Sugarcane Juice		1	\N	શેરડીનો રસ
38	Variyali Sharbat		1	\N	વરિયાળી શરબત
39	Watermelon Falsa		1	\N	તરબૂચ ફાલસા
40	Watermelon Juice		1	\N	તરબૂચ જ્યુસ
41	Mocktail Counter		1	\N	મોકટેલ કાઉન્ટર
42	Aloo Tikki		2	\N	આલુ ટિક્કી
43	Cheese Balls		2	\N	ચીઝ બોલ્સ
44	Cheese Corn Balls		2	\N	ચીઝ કોર્ન બોલ્સ
45	Cheese Corn Potli		2	\N	ચીઝ કોર્ન પોટલી
46	Cheese Paneer Balls		2	\N	ચીઝ પનીર બોલ્સ
47	Cocktail Samosa		2	\N	કોકટેલ સમોસા
48	Corn Kebab		2	\N	કોર્ન કબાબ
49	Corn Tikki		2	\N	કોર્ન ટિક્કી
50	Hara Bhara Cheese Kebab		2	\N	હરા ભરા ચીઝ કબાબ
51	Hara Bhara Kebab		2	\N	હરા ભરા કબાબ
52	Hari Bhari Tikki		2	\N	હરી ભરી ટિક્કી
53	Hummus Falafel Tikki		2	\N	હુમસ ફલાફેલ ટિક્કી
54	Hyderabadi Tikki		2	\N	હૈદરાબાદી ટિક્કી
55	Italian Volvo		2	\N	ઇટાલિયન વોલ્વો
56	Jalapeno Cheese Balls		2	\N	જલાપેનો ચીઝ બોલ્સ
57	Mexican Tikki with Salsa		2	\N	મેક્સિકન ટિક્કી (સાલસા સાથે)
58	Mini Spring Roll		2	\N	મિની સ્પ્રિંગ રોલ
59	Paneer Cheese Lifafa		2	\N	પનીર ચીઝ લિફાફા
60	Paneer Chili Dry		2	\N	પનીર ચિલી ડ્રાય
61	Paneer Hazari Tikka		2	\N	પનીર હજારી ટિક્કા
62	Paneer Satay		2	\N	પનીર સાતે
63	Roasted Paneer		2	\N	રોસ્ટેડ પનીર
64	Sesame Paneer Finger		2	\N	સેસમી પનીર ફિંગર
65	Spinach Paneer Rolls		2	\N	સ્પિનેચ પનીર રોલ
66	Stick Lollipop		2	\N	સ્ટિક લોલીપોપ
67	Thai Corn Fritters		2	\N	થાઈ કોર્ન ફ્રિટર્સ
68	Veg Lollipop		2	\N	વેજ લોલીપોપ
70	Carrot Soup		4	\N	ગાજર સૂપ
71	Chili Bean Soup		4	\N	ચિલી બીન સૂપ
72	Coriander Soup		4	\N	ધાણા સૂપ
73	Cream Black Tomato Soup		4	\N	ક્રીમ બ્લેક ટમેટા સૂપ
74	Cream of Broccoli Almond Soup		4	\N	ક્રીમ ઓફ બ્રોકોલી બદામ સૂપ
75	Dal-Feni Soup		4	\N	દાળ-ફેની સૂપ
76	Garlic Ginger Soup		4	\N	ગાર્લિક જિંજર સૂપ
77	Hot & Sour Soup		4	\N	હોટ એન્ડ સોર સૂપ
78	Italian Tomato Soup		4	\N	ઇટાલિયન ટમેટા સૂપ
79	Lemon Coriander Soup		4	\N	લીંબુ ધાણા સૂપ
80	Masala Soup		4	\N	મસાલા સૂપ
81	Mediterranean Green Veg Soup		4	\N	મેડિટેરેનિયન ગ્રીન વેજ સૂપ
82	Mexican Chili Bean Soup		4	\N	મેક્સિકન ચિલી બીન સૂપ
83	Mexican Nachos Soup		4	\N	મેક્સિકન નાચોસ સૂપ
84	Mexican Tortilla Soup		4	\N	મેક્સિકન ટોર્ટિયા સૂપ
85	Minestrone Soup		4	\N	મિનેસ્ટ્રોને સૂપ
86	Nathna Soup		4	\N	નથના સૂપ
87	Roman Soup		4	\N	રોમાન સૂપ
88	Salsa Bean Soup		4	\N	સાલસા બીન સૂપ
89	Sweet Corn Soup		4	\N	સ્વીટ કોર્ન સૂપ
90	Sweet Corn Veg Soup		4	\N	સ્વીટ કોર્ન વેજ સૂપ
91	Thai Bean Soup		4	\N	થાઈ બીન સૂપ
92	Tomato Basil Soup		4	\N	ટમેટા બેસિલ સૂપ
93	Tomato Corn Cheese Soup		4	\N	ટમેટા કોર્ન ચીઝ સૂપ
94	Tomato Moroccan Soup		4	\N	ટમેટા મોરોક્કન સૂપ
95	Tomato Soup		4	\N	ટમેટા સૂપ
96	Varadiyu Soup		4	\N	વરાડિયું સૂપ
97	Veg Garlic Soup		4	\N	વેજ ગાર્લિક સૂપ
98	Veg Manchurian Soup		4	\N	વેજ મંચુરિયન સૂપ
99	Vegetable Soup		4	\N	મિક્સ વેજિટેબલ સૂપ
100	Aloo Chatpata		5	\N	આલુ ચટપટા
101	Aloo Tikki		5	\N	આલુ ટિક્કી
102	Cheese Balls		5	\N	ચીઝ બોલ્સ
103	Cheese Corn Balls		5	\N	ચીઝ કોર્ન બોલ્સ
104	Cheese Corn Potli		5	\N	ચીઝ કોર્ન પોટલી
105	Cheese Paneer Balls		5	\N	ચીઝ પનીર બોલ્સ
106	Cheese Samosa		5	\N	ચીઝ સમોસા
107	Chili Potato		5	\N	ચીલી પોટેટો
108	Chinese Cigars		5	\N	ચાઇનીઝ સિગાર્સ
109	Corn Kebab		5	\N	કોર્ન કબાબ
110	Corn Tikki		5	\N	કોર્ન ટિક્કી
111	Coriander Kali		5	\N	ધાણાની કળી
112	Dragon Potato		5	\N	ડ્રેગન પોટેટો
113	Dry Manchurian		5	\N	ડ્રાય માંચુરિયન
114	Garlic Toast		5	\N	ગાર્લિક ટોસ્ટ
115	Hara Bhara Cheese Kebab		5	\N	હરા ભરા ચીઝ કબાબ
116	Hara Bhara Kebab		5	\N	હરા ભરા કબાબ
117	Hari Bhari Tikki		5	\N	હરી ભરી ટિક્કી
118	Hyderabadi Tikki		5	\N	હૈદરાબાદી ટિક્કી
119	Hummus Falafel Tikki		5	\N	હમ્મસ ફલાફેલ ટિક્કી
120	Italian Buns		5	\N	ઇટાલિયન બનસ
121	Italian Volvo		5	\N	ઇટાલિયન વોલ્વો
122	Jalapeno Cheese Balls		5	\N	જલાપેનો ચીઝ બોલ્સ
123	Mexican Tikki with Salsa		5	\N	મેક્સિકન ટિક્કી વિથ સલસા
124	Mini Spring Roll		5	\N	મિની સ્પ્રિંગ રોલ
125	Paneer Barbecue		5	\N	પનીર બારબેક્યુ
126	Paneer Cheese Lifafa		5	\N	પનીર ચીઝ લિફાફા
127	Paneer Chili Dry		5	\N	પનીર ચીલી ડ્રાય
128	Paneer Hazari Tikka		5	\N	પનીર હજારી ટિક્કા
129	Paneer Satay		5	\N	પનીર સટે
130	Paneer Tikka (Roasted)		5	\N	પનીર ટિક્કા (રોસ્ટેડ)
131	Pesto Sauce		5	\N	પેસ્ટો સોસ
132	Roasted Paneer		5	\N	રોસ્ટેડ પનીર
133	Sesame Paneer Finger		5	\N	તલ પનીર ફિંગર
134	Sesame Toss		5	\N	તલ ટોસ
135	Spinach Paneer Rolls		5	\N	સ્પિનેચ પનીર રોલ્સ
136	Stick Lollipop		5	\N	સ્ટિક લોલીપોપ
137	Thai Corn Fritters		5	\N	થાઈ કોર્ન ફ્રિટર્સ
138	Veg Barbecue		5	\N	વેજ બારબેક્યુ
139	Veg Crispy		5	\N	વેજ ક્રિસ્પી
140	Veg Lollipop		5	\N	વેજ લોલીપોપ
141	Veg Potato		5	\N	વેજ પોટેટો
191	Anjeer Almond Halwa		8	\N	અંજીર બદામ હલવો
192	Anjeer Kasturi Halwa		8	\N	અંજીર કસ્તૂરી હલવો
193	Butterscotch Halwa		8	\N	બટર સ્કોચ હલવો
194	Cookies & Cream Matka		8	\N	કુકીઝ એન્ડ ક્રીમ માટકા
195	Dry Anjeer Halwa		8	\N	ડ્રાય અંજીર હલવો
196	Dry Carrot Halwa		8	\N	ડ્રાય ગાજર હલવો
197	Dry Dates Halwa		8	\N	ડ્રાય ખજુર હલવો
198	Dry Dudhi Halwa		8	\N	ડ્રાય દુધી હલવો
199	Dry Thabdi Halwa		8	\N	ડ્રાય થાબડી હલવો
200	Dry Walnut Halwa		8	\N	ડ્રાય અખરોટ હલવો
201	Fruit Shrikhand		8	\N	ફ્રૂટ શ્રીખંડ
202	Green Coconut Halwa		8	\N	ગ્રીન કોપરા હલવો
203	Green Ginger Halwa		8	\N	ગ્રીન આદુ હલવો
204	Kesar Kewari Halwa		8	\N	કેસર કેવરી હલવો
205	Kesar Malai Matka		8	\N	કેસર મલાઈ માટકા
206	Kesar Shrikhand		8	\N	કેસર શ્રીખંડ
207	Malai Baati		8	\N	મલાઈ બાટી
208	Mango Matka		8	\N	મેંગો માટકા
209	Mango Mattho		8	\N	મેંગો મઠ્ઠો
210	Mango Shrikhand		8	\N	મેંગો શ્રીખંડ
211	Mix Slice Halwa		8	\N	મિક્સ સ્લાઇસ હલવો
212	Mawa Malai Matka		8	\N	માવા મલાઈ માટકા
213	Pancharatna Halwa		8	\N	પંચરત્ન હલવો
214	Pineapple Chili Halwa		8	\N	પાઈનેપલ ચિલી હલવો
215	Pineapple Chili Shrikhand		8	\N	પાઈનેપલ ચિલી શ્રીખંડ
216	Pineapple Matka		8	\N	પાઈનેપલ માટકા
217	Pineapple Mattho		8	\N	પાઈનેપલ મઠ્ઠો
218	Raspberry Matka		8	\N	રાસ્પબેરી માટકા
219	Silver Slice		8	\N	સિલ્વર સ્લાઈસ
220	Vanilla Matka		8	\N	વેનીલા માટકા
221	White Shrikhand		8	\N	વ્હાઇટ શ્રીખંડ
222	Baby Naan		9	\N	બેબી નાન
223	Baby Paratha		9	\N	બેબી પરાઠા
224	Bhature		9	\N	ભટુરા
225	Biscuit Roti		9	\N	બિસ્કિટ રોટી
226	Bread Pav		9	\N	બ્રેડ પાવ
227	Butter Baby Naan		9	\N	બટર બેબી નાન
228	Butter Kulcha		9	\N	બટર કુલચા
229	Butter Naan		9	\N	બટર નાન
230	Chilli Naan		9	\N	ચિલી નાન
231	Choor Choor Naan		9	\N	ચૂર ચૂર નાન
232	Fulka Roti		9	\N	ફુલકા રોટી
233	Garlic Vulki Paratha		9	\N	ગાર્લિક વુલ્કી પરાઠા
234	Hariyali Naan		9	\N	હરિયાળી નાન
235	Khandari Naan		9	\N	ખંડારી નાન
236	Kulcha		9	\N	કુલચા
237	Kulcha Naan		9	\N	કુલચા નાન
238	Lachha Paratha		9	\N	લચ્છા પરાઠા
239	Masala Puri		9	\N	મસાલા પુરી
240	Meduth Naan		9	\N	મેદૂત નાન
241	Methi Dhebra		9	\N	મેથી ધેબરા
242	Mint Naan		9	\N	મીન્ટ નાન
243	Missi Roti		9	\N	મિસ્સી રોટી
244	Paratha (plain)		9	\N	પ્લેન પરાઠા
245	Plain Naan		9	\N	પ્લેન નાન
246	Poori		9	\N	પૂરી
247	Puran Puri		9	\N	પુરણ પુરી
248	Reshmi Paratha		9	\N	રેશમી પરાઠા
249	Rotla		9	\N	રોટલા
250	Rumali Roti		9	\N	રૂમાલી રોટી
251	Spinach Methi Paratha		9	\N	સ્પિનેચ મેથી પરાઠા
252	Stuffed Kulcha		9	\N	સ્ટફ્ડ કુલચા
253	Stuffed Naan		9	\N	સ્ટફ્ડ નાન
254	Stuffed Paratha		9	\N	સ્ટફ્ડ પરાઠા
255	Swami Roti		9	\N	સ્વામી રોટી
256	Swamini Roti		9	\N	સ્વામિની રોટી
257	Tandoor Rotlo		9	\N	તંદૂર રોટલો
258	Tandoori Paratha		9	\N	તંદૂરી પરાઠા
259	Tandoori Roti		9	\N	તંદૂરી રોટી
260	Tawa Paratha		9	\N	તવા પરાઠા
261	Vulki Paratha		9	\N	વુલ્કી પરાઠા
262	Aloo Dry Bhaji		10	\N	આલુ ડ્રાય ભાજી
263	Bateta Nu Shaak		10	\N	બટેટાનું શાક
264	Bhaji (Pav Bhaji)		10	\N	ભાજી (પાવ ભાજી)
265	Bharelu Shaak		10	\N	ભરેલું શાક
266	Bhindi Corn Capsicum		10	\N	ભીંડા કોર્ન કેપ્સિકમ
267	Bhindi Dahiwala		10	\N	ભીંડા દહીવાળા
268	Cashew Bitter Gourd		10	\N	કાજુ કારેલા
269	Cashew Gathiya		10	\N	કાજુ ગઠિયા
270	Cauliflower Peas		10	\N	ફુલાવર વટાણા
271	Cauliflower Potato		10	\N	ફુલાવર બટેટા
272	Chana Dal		10	\N	ચણા દાળ
273	Chapdi Shaak		10	\N	ચપડી શાક
274	Chole Chana		10	\N	ચોળે ચણા
275	Chole Churan		10	\N	ચોળે ચૂરણ
276	Chori		10	\N	ચોરી
277	Desi Chana		10	\N	દેશી ચણા
278	Dum Aloo		10	\N	દમ આલુ
279	Gathiya Onion		10	\N	ગઠિયા ડુંગળી
280	Guvar Dhokli		10	\N	ગુવાર ઢોકળી
281	Kathol (Mixed Pulses)		10	\N	કઠોળ (મિક્સ દાળ)
282	Methi Papad		10	\N	મેથી પાપડ
283	Methi Ringan		10	\N	મેથી રીંગણ
284	Mix Vegetable		10	\N	મિક્સ વેજિટેબલ
285	Moong (Whole)		10	\N	આખી મગ
286	Moth Beans		10	\N	મઠ
287	Navratan Kathol		10	\N	નવરત્ન કઠોળ
288	Papdi Dana Muthiya		10	\N	પાપડી દાણા મુઠિયા
289	Papdi Muthiya Ringan		10	\N	પાપડી મુઠિયા રીંગણ
290	Patra Peas Corn		10	\N	પાત્રા વટાણા કોર્ન
291	Peanuts		10	\N	શીંગ
292	Panchratan Kathol		10	\N	પંચરત્ન કઠોળ
293	Potato Corn Peas		10	\N	બટેટા કોર્ન વટાણા
294	Potato Curry		10	\N	બટેટાનું શાક
295	Potato Peas		10	\N	બટેટા વટાણા
296	Rajma		10	\N	રાજમા
297	Rajma with Peanuts		10	\N	રાજમા શીંગ સાથે
298	Rajwadi Dhokli		10	\N	રાજવાડી ઢોકળી
299	Ringan no Oro		10	\N	રીંગણનો ઓલો
300	Rimzim Aloo		10	\N	રિમઝિમ આલુ
301	Sev Tomato Sabzi		10	\N	સેવ ટમેટા શાક
302	Split Green Gram Dal		10	\N	મગ
303	Steamed Vegetable (Varadiyu)		10	\N	વરાડિયું શાક
304	Stuffed Bhindi with Chips		10	\N	ચિપ્સ સાથે ભરેલા ભીંડા
305	Stuffed Brinjal Potato Mirch		10	\N	ભરેલા રીંગણ બટેટા મરચા
306	Stuffed Ladyfinger		10	\N	ભરેલા ભીંડા
307	Surti Undhiyu (Green)		10	\N	સુરતી ઉંધિયું (લીલું)
308	Tawa Sabzi		10	\N	તવા સબ્જી
309	Turia Patra Peas		10	\N	તુરીયા પાત્રા વટાણા
310	Undhiyu		10	\N	ઉંધિયું
311	Val Beans		10	\N	વાલ
312	Vagharelu Rotlo		10	\N	વઘારેલું રોટલો
313	White Chana		10	\N	સફેદ ચણા
314	White Chori		10	\N	સફેદ ચોરી
315	Alfred Plaza		7	\N	આલ્ફ્રેડ પ્લાઝા
316	Basundi		7	\N	બાસુંદી
317	Cream Kesar Thandai		7	\N	ક્રીમ કેસર ઠંડાઈ
318	Cream Pine Nut Chikki		7	\N	ક્રીમ પાઈન નટ ચિક્કી
319	Cream Pine Shahi		7	\N	ક્રીમ પાઈન શાહી
320	Custard Apple Dry Fruit Basundi		7	\N	ડ્રાય ફ્રૂટ સીતાફળ બાસુંદી
321	Dry Fruit Apple Plaza		7	\N	ડ્રાય ફ્રૂટ એપલ પ્લાઝા
322	Dry Fruit Black Currant Plaza		7	\N	ડ્રાય ફ્રૂટ બ્લેક કરંટ પ્લાઝા
323	Dry Fruit Butter Laccha Rabdi		7	\N	ડ્રાય ફ્રૂટ બટર લચ્ચા રબડી
324	Dry Fruit Butter Plaza		7	\N	ડ્રાય ફ્રૂટ બટર પ્લાઝા
325	Dry Fruit Cream Fruit Salad		7	\N	ડ્રાય ફ્રૂટ ક્રીમ ફ્રૂટ સલાડ
326	Dry Fruit Kalkati Plaza		7	\N	ડ્રાય ફ્રૂટ કલકત્તા પ્લાઝા
327	Dry Fruit Kesar Laccha Rabdi		7	\N	ડ્રાય ફ્રૂટ કેસર લચ્ચા રબડી
328	Dry Fruit Lychee Laccha Rabdi		7	\N	ડ્રાય ફ્રૂટ લિચી લચ્ચા રબડી
329	Dry Fruit Lychee Plaza		7	\N	ડ્રાય ફ્રૂટ લિચી પ્લાઝા
330	Dry Fruit Mango Pi		7	\N	ડ્રાય ફ્રૂટ મેંગો પાઈ
331	Dry Fruit Pineapple Chili		7	\N	ડ્રાય ફ્રૂટ પાઈનેપલ ચિલી
332	Ghevar Cashew Rabdi		7	\N	ઘેવર કાજુ રબડી
333	Kesar Dry Fruit Basundi		7	\N	કેસર ડ્રાય ફ્રૂટ બાસુંદી
334	Kesar Dry Fruit Ras Madhuri		7	\N	કેસર ડ્રાય ફ્રૂટ રસ માધુરી
335	Kings & Honey Laccha Rabdi		7	\N	કિંગ્સ એન્ડ હની લચ્ચા રબડી
336	Pine Coconut Rabdi		7	\N	પાઈન કોપરા રબડી
337	Rajbhog Plaza		7	\N	રાજભોગ પ્લાઝા
338	Strawberry Plaza		7	\N	સ્ટ્રોબેરી પ્લાઝા
339	White Ras Madhuri		7	\N	વ્હાઇટ રસ માધુરી
340	Adadiya Gundipak		6	\N	અડદિયા ગુંડીપાક
341	Cashew Adadiya		6	\N	કાજુ અડદિયા
342	Cashew Mesub		6	\N	કાજુ મેસુબ
343	Churma Ladoo		6	\N	ચૂરમા લાડુ
344	Dry Fruit Gundi		6	\N	ડ્રાય ફ્રૂટ ગુંદી
345	Fada Lapsi		6	\N	ફાડા લાપસી
346	Jalebi		6	\N	જલેબી
347	Jambu		6	\N	જાંબુ
348	Kala Jam		6	\N	કાળા જાંબુ
349	Kheer		6	\N	ખીર
350	Lapsi		6	\N	લાપસી
351	Lisa Ladoo		6	\N	લીસા લાડુ
352	Magaj Ladoo		6	\N	મગજ લાડુ
353	Magdi Ladoo		6	\N	માગદી લાડુ
354	Mesub		6	\N	મેસુબ
355	Mohanthal		6	\N	મોહનથાળ
356	Mohanthal Lachko		6	\N	મોહનથાળ લચકો
357	Moong Dal Sheera		6	\N	મગ દાળ શીરો
358	Puran Poli		6	\N	પુરણ પોલી
359	Rava Ladoo		6	\N	રવા લાડુ
360	Rava Sheera		6	\N	રવા શીરો
361	Saffron Almond Adadiya		6	\N	કેસર બદામ અડદિયા
362	Saffron Pistachio Adadiya		6	\N	કેસર પિસ્તા અડદિયા
363	Sukhdi		6	\N	સુખડી
364	Aloo Dahiwala		11	\N	આલુ દહીવાળા
365	Aloo Gobi		11	\N	આલુ ગોબી
366	Aloo Matar		11	\N	આલુ મટર
367	Aloo Rajma		11	\N	આલુ રાજમા
368	Chana Masala		11	\N	ચણા મસાલા
369	Cheese Paneer Kalyani Roll		11	\N	ચીઝ પનીર કલ્યાણી રોલ
370	Corn Capsicum Paneer		11	\N	કોર્ન કેપ્સિકમ પનીર
371	Corn Capsicum Potato		11	\N	કોર્ન કેપ્સિકમ બટેટા
372	Corn Matar Mushroom		11	\N	કોર્ન મટર મશરૂમ
373	Corn Methi Malai		11	\N	કોર્ન મેથી મલાઈ
374	Diwani Handi		11	\N	દિવાની હાંડી
375	Dum Aloo		11	\N	દમ આલુ
376	Jeera Aloo		11	\N	જીરા આલુ
377	Khoya Kaju		11	\N	ખોયા કાજુ
378	Malai Kofta		11	\N	મલાઈ કોફ્તા
379	Matar Methi Malai		11	\N	મટર મેથી મલાઈ
380	Methi Matar Masala		11	\N	મેથી મટર મસાલા
381	Methi Paneer		11	\N	મેથી પનીર
382	Mushroom Butter Masala		11	\N	મશરૂમ બટર મસાલા
383	Navratan Korma		11	\N	નવરત્ન કોર્મા
384	Palak Paneer		11	\N	પાલક પનીર
385	Palak Paneer Bhurji		11	\N	પાલક પનીર ભુરજી
386	Paneer Bhurji		11	\N	પનીર ભુરજી
387	Paneer Butter Masala		11	\N	પનીર બટર મસાલા
388	Paneer Darbari		11	\N	પનીર દરબારી
389	Paneer Handi		11	\N	પનીર હાંડી
390	Paneer Kali Mirch		11	\N	પનીર કાળી મરી
391	Paneer Kadai		11	\N	પનીર કડાઈ
392	Paneer Khurchan		11	\N	પનીર ખુરચન
393	Paneer Kofta		11	\N	પનીર કોફ્તા
394	Paneer Lababdar		11	\N	પનીર લબાબદાર
395	Paneer Lazeez		11	\N	પનીર લઝીઝ
396	Paneer Lajawab		11	\N	પનીર લાજવાબ
397	Paneer Mirch Ka Salan		11	\N	પનીર મરચા સાલન
398	Paneer Mughlai		11	\N	પનીર મુગલાઈ
399	Paneer Pasanda		11	\N	પનીર પાસાંદા
400	Paneer Patiala		11	\N	પનીર પટિયાલા
401	Paneer Reshmi		11	\N	પનીર રેશમી
402	Paneer Shahi Masala		11	\N	પનીર શાહી મસાલા
403	Paneer Takatak		11	\N	પનીર ટકાટક
404	Paneer Tikka		11	\N	પનીર ટિક્કા
405	Paneer Tufani		11	\N	પનીર તૂફાની
406	Rajasthani Gatta Curry		11	\N	રાજસ્થાની ગાટા કરી
407	Tawa Sabzi		11	\N	તવા સબ્જી
408	Tomato Corn Bhartha		11	\N	ટમેટા કોર્ન ભરથા
409	Veg Achari		11	\N	વેજ આચારી
410	Veg Amritsari		11	\N	વેજ અમૃતસરી
411	Veg Begum Bahar		11	\N	વેજ બેગમ બહારમાં
412	Veg Harabhara		11	\N	વેજ હરાભરા
413	Veg Hariyali		11	\N	વેજ હરિયાળી
414	Veg Hungama		11	\N	વેજ હંગામા
415	Veg Jaipuri		11	\N	વેજ જયપુરિ
416	Veg Kalai Masala		11	\N	વેજ કલાઈ મસાલા
417	Veg Kolhapuri		11	\N	વેજ કોલ્હાપુરી
418	Veg Makhhanwala		11	\N	વેજ મખણવાલા
419	Veg Nawabi		11	\N	વેજ નવાબી
420	Veg Pahadi		11	\N	વેજ પહાડી
421	Veg Palak Kofta		11	\N	વેજ પાલક કોફ્તા
422	Veg Takatak		11	\N	વેજ ટકાટક
423	Veg Takkarari		11	\N	વેજ ટક્કરારી
424	Veg Tufani		11	\N	વેજ તૂફાની
425	Bajra Rotla		12	\N	બાજરીનો રોટલો
426	Bhakhri		12	\N	ભાખરી
427	Butter, Ghee, Jaggery		12	\N	નાખણ, ઘી, ગોળ
428	Chaas		12	\N	છાશ
429	Churma Ladoo		12	\N	ચૂરમા લાડુ
430	Dabka Kadhi		12	\N	ડાબકા કઢી
431	Dahi Khaman		12	\N	દહીં ખમણ
432	Dahi Tikhari		12	\N	દહીં ટીખારી
433	Dal Dhokli		12	\N	દાળ ઢોકળી
434	Dessert		12	\N	મીઠાઈ
435	Dhebra		12	\N	ધેબરા
436	Dhokli Sabzi		12	\N	ઢોકળી શાક
437	Garlic Chutney		12	\N	લસણની ચટણી
438	Green Olo		12	\N	લીલો ઓલો
439	Green Onions		12	\N	લીલા ડુંગળી
440	Hot Bhajiya		12	\N	ગરમ ભજીયા
441	Jowar Rotla		12	\N	જુવારનો રોટલો
442	Kadhi		12	\N	કઢી
443	Khichdi		12	\N	ખીચડી
444	Khichu		12	\N	ખીચુ
445	Khichu Papad		12	\N	ખીચુ પાપડ
446	Lasaniya Bateta		12	\N	લસણિયા બટેટા
447	Masala Chaas		12	\N	મસાલા છાશ
448	Moong Dal		12	\N	મગ દાળ
449	Muthiya Dhokla		12	\N	મુઠિયા ઢોકળા
450	Pickle		12	\N	અચાર
451	Ringan no Olo		12	\N	રીંગણનો ઓલો
452	Salad		12	\N	સલાડ
453	Sambharo		12	\N	સંભારો
454	Sev Tomato Sabzi		12	\N	સેવ ટમેટા શાક
455	Stuffed Brinjal & Potatoes		12	\N	ભરેલા રીંગણ અને બટેટા
456	Tempered Khichdi		12	\N	વઘારેલી ખીચડી
457	Tempered Rotla		12	\N	વઘારેલો રોટલો
458	Thepla		12	\N	થેપલા
459	Urad Dal		12	\N	ઉરદ દાળ
460	African Roll		13	\N	આફ્રિકન રોલ
461	Bhaji Dhokla		13	\N	ભાજી ઢોકળા
462	Bhajiya		13	\N	ભજીયા
463	Capsicum Rings		13	\N	કૅપ્સિકમ રીંગ્સ
464	Cheese Peas Samosa		13	\N	ચીઝ વટાણા સમોસા
465	Chinese Samosa		13	\N	ચાઈનીઝ સમોસા
466	Coriander Kali		13	\N	ધાણા કાળી
467	Corn Marvel		13	\N	કોર્ન માર્વેલ
468	Dahi Khaman		13	\N	દહીં ખમણ
469	French Fries		13	\N	ફ્રેન્ચ ફ્રાઈઝ
470	Fried Idli		13	\N	ફ્રાઈડ ઇડલી
471	Ghughra		13	\N	ઘુઘરા
472	Harabhara Roll		13	\N	હરાભરા રોલ
473	Hungarian Potato		13	\N	હંગેરિયન બટેટા
474	Khaman		13	\N	ખમણ
475	Khandvi		13	\N	ખાંડવી
476	Khasta Kachori		13	\N	ખસ્તા કચોરી
477	Moong Dal Kachori		13	\N	મગ દાળ કચોરી
478	Paneer Cutlet		13	\N	પનીર કટલેટ
479	Peas Kachori		13	\N	વટાણા કચોરી
480	Peas Samosa		13	\N	વટાણા સમોસા
481	Punjabi Samosa		13	\N	પંજાબી સમોસા
482	Rajdhani Roll		13	\N	રાજધાની રોલ
483	Ras Patra		13	\N	રસ પાત્રા
484	Sabudana Vada		13	\N	સાબુદાણા વડા
485	Sandwich Dhokla		13	\N	સેન્ડવિચ ઢોકળા
486	Schezwan Balls		13	\N	શેઝવાન બોલ્સ
487	Sesame Finger		13	\N	સેસમી ફિંગર
488	Sev Khaman		13	\N	સેવ ખમણ
489	Spanish Toss		13	\N	સ્પેનિશ ટોસ
490	Spring Roll		13	\N	સ્પ્રિંગ રોલ
491	Steamed Dhokla		13	\N	સ્ટીમ ઢોકળા
492	Tawa Corn Roll		13	\N	તવા કોર્ન રોલ
493	Tawa Mehefil		13	\N	તવા મેહફિલ
494	Tawa Patties		13	\N	તવા પેટિસ
495	Three-in-One Patties		13	\N	થ્રી ઇન વન પેટિસ
496	Veg Cutlet		13	\N	વેજ કટલેટ
497	Veg Handvo		13	\N	વેજ હાંડવો
498	Veg Muthiya Dhokla		13	\N	વેજ મુઠિયા ઢોકળા
499	Veg Tikki		13	\N	વેજ ટિક્કી
500	Vibrant Gujarat Platter		13	\N	વાઈબ્રન્ટ ગુજરાત પ્લેટર
501	Wonton Samosa		13	\N	વોનટોન સમોસા
502	Agra ke Bhalla		14	\N	આગ્રાના ભલ્લા
504	Aloo Chaat		14	\N	આલુ ચાટ
505	Aloo Matar Chaat		14	\N	આલુ મટર ચાટ
506	Aloo Tikki		14	\N	આલુ ટિક્કી
507	Banarasi Chaat		14	\N	બનારસી ચાટ
508	Basket Chaat		14	\N	બાસ્કેટ ચાટ
509	Besan Poodla		14	\N	બેસન પૂડલા
510	Bhel		14	\N	ભેલ
511	Bhel Puri		14	\N	ભેલ પુરી
512	Bhalla Chaat		14	\N	ભલ્લા ચાટ
513	Birdhawan Tikki Chaat		14	\N	બિર્ધાવન ટિક્કી ચાટ
514	Chaat		14	\N	ચાટ
515	Chana Chaat		14	\N	ચણા ચાટ
516	Chatpati Idli		14	\N	ચટપટી ઇડલી
517	Chole Tikki		14	\N	ચોળે ટિક્કી
518	Coconut Chaat		14	\N	નાળિયેર ચાટ
519	Corn Papdi Chaat		14	\N	કોર્ન પાપડી ચાટ
520	Dahi Bhalla		14	\N	દહીં ભલ્લા
521	Dahi Chaat		14	\N	દહીં ચાટ
522	Dahi Gunjiya		14	\N	દહીં ગુંજિયા
523	Dahi Kachori		14	\N	દહીં કચોરી
524	Delhi Chaat		14	\N	દિલ્હી ચાટ
525	Diamond Chaat		14	\N	ડાયમંડ ચાટ
526	Indori Chaat		14	\N	ઇંદોરી ચાટ
527	Jodhpuri Chaat		14	\N	જોધપુરી ચાટ
528	Kalmi Chaat		14	\N	કાલમી ચાટ
529	Kolkata Chaat		14	\N	કોલકાતા ચાટ
530	Lucknowi Chaat		14	\N	લખનૌવી ચાટ
531	Mango Dahi Vada (Seasonal)		14	\N	મેંગો દહીં વડા (મોસમી)
532	Matka Dahi Vada		14	\N	માટકા દહીં વડા
533	Mexican Tikki Chaat		14	\N	મેક્સિકન ટિક્કી ચાટ
534	Mexican Tikki Ragda		14	\N	મેક્સિકન ટિક્કી રગડા
535	Orange Papdi Chaat		14	\N	ઓરેન્જ પાપડી ચાટ
536	Palak Chaat		14	\N	પાલક ચાટ
537	Paneer Chilla		14	\N	પનીર ચિલ્લા
538	Paneer Saute		14	\N	પનીર સોટે
539	Pani Puri		14	\N	પાણી પુરી
540	Papdi Chaat		14	\N	પાપડી ચાટ
541	Ponk Chilla		14	\N	પોંક ચિલ્લા
542	Ragda Pattice		14	\N	રગડા પેટિસ
543	Raj Kachori		14	\N	રાજ કચોરી
544	Rajbhog Chaat		14	\N	રાજભોગ ચાટ
545	Rajdhani Chaat		14	\N	રાજધાની ચાટ
546	Rimzim Chaat		14	\N	રિમઝિમ ચાટ
547	Saunth ki Tikkiya		14	\N	સૌંથની ટિક્કિયા
548	Samosa Chaat		14	\N	સમોસા ચાટ
549	Tawa Mathura Chaat		14	\N	તવા મથુરા ચાટ
550	Baby Pizza		15	\N	બેબી પિઝા
551	Bread Pizza		15	\N	બ્રેડ પિઝા
552	Busatta		15	\N	બુસાટા
553	Cheese Focaccia Bread		15	\N	ચીઝ ફોકાચિયા બ્રેડ
554	Couple Crunchy		15	\N	કપલ ક્રન્ચી
555	Garlic Bread		15	\N	ગાર્લિક બ્રેડ
556	Indian Touch Pizza		15	\N	ઇન્ડિયન ટચ પિઝા
557	Italian Cruise		15	\N	ઇટાલિયન ક્રુઝ
558	Italian Kulcha		15	\N	ઇટાલિયન કુલચા
559	Italian Pizza		15	\N	ઇટાલિયન પિઝા
560	Italian Volvo		15	\N	ઇટાલિયન વોલ્વો
561	Jhatpat Spicy		15	\N	ઝટપટ સ્પાઈસી
562	Khari Pizza		15	\N	ખારી પિઝા
563	Masala Grill Sandwich		15	\N	મસાલા ગ્રિલ સેન્ડવિચ
564	Mexican Pizza		15	\N	મેક્સિકન પિઝા
565	Pineapple Pizza		15	\N	પાઈનેપલ પિઝા
566	Pocket Pizza		15	\N	પોકેટ પિઝા
567	Russian Cheese Toast		15	\N	રશિયન ચીઝ ટોસ્ટ
568	Russian Grill		15	\N	રશિયન ગ્રિલ
569	Taco		15	\N	ટાકો
570	Thin Crust Pizza		15	\N	થિન ક્રસ્ટ પિઝા
571	Titbit		15	\N	ટિટબિટ
572	Veg Pizza		15	\N	વેજ પિઝા
573	Cheese Dosa		16	\N	ચીઝ ઢોસા
574	Chutney		16	\N	ચટણી
575	Coconut Curry		16	\N	કોકોનટ કરી
576	Dosa (3 Types)		16	\N	ઢોસા (૩ પ્રકાર)
577	Dosa (Soya / Jodhpuri)		16	\N	ઢોસા (સોયા / જોધપુરી)
578	Idli		16	\N	ઇડલી
579	Jini Dosa		16	\N	જિની ઢોસા
580	Lava Idli		16	\N	લાવા ઇડલી
581	Masala Dosa		16	\N	મસાલા ઢોસા
582	Medu Vada		16	\N	મેદુ વડા
583	Mixed Vegetable Uttapam		16	\N	મિક્સ વેજ ઉત્તપમ
584	Mysore Masala Dosa		16	\N	મૈસુર મસાલા ઢોસા
585	Onion Uttapam		16	\N	ડુંગળી ઉત્તપમ
586	Pal Appam		16	\N	પાલ અપ્પમ
587	Paper Dosa		16	\N	પેપર ઢોસા
588	Payasam		16	\N	પાયસમ
589	Plain Dosa		16	\N	પ્લેન ઢોસા
590	Rasam		16	\N	રસમ
591	Sambar		16	\N	સાંભાર
592	Sandwich Uttapam		16	\N	સેન્ડવિચ ઉત્તપમ
593	Schezwan Idli		16	\N	શેઝવાન ઇડલી
594	Tandoori Idli		16	\N	તંદૂરી ઇડલી
595	Thatte Idli		16	\N	થાટ્ટે ઇડલી
596	Tomato Uttapam		16	\N	ટમેટા ઉત્તપમ
597	Upma		16	\N	ઉપમા
598	Alfredo Sauce		17	\N	આલ્ફ્રેડો સોસ
599	Arrabbiata Sauce		17	\N	અરેબિયાટા સોસ
600	Bean & Veg Burritos		17	\N	બીન અને વેજ બરિટોઝ
601	Burrito Bowls		17	\N	બરિટો બાઉલ્સ
602	Caroline Pasta		17	\N	કેરોલાઈન પાસ્તા
603	Cheese Burritos		17	\N	ચીઝ બરિટોઝ
604	Cheese Lasagna		17	\N	ચીઝ લસાગ્ના
605	Enchiladas		17	\N	એન્ચિલાડાસ
606	Garlic Bread		17	\N	ગાર્લિક બ્રેડ
607	Guacamole + Salsa		17	\N	ગુઆકામોલે અને સાલસા
608	Italian Sizzler		17	\N	ઇટાલિયન સીઝલર
609	Loaded Nachos		17	\N	લોડેડ નાચોઝ
610	Mexican Cassata		17	\N	મેક્સિકન કસાટા
611	Mexican Corn Cups		17	\N	મેક્સિકન કોર્ન કપ્સ
612	Mexican Quesadilla		17	\N	મેક્સિકન ક્વેસાડિલા
613	Mexican Rice (Veg)		17	\N	મેક્સિકન રાઈસ
614	Mexican Salad		17	\N	મેક્સિકન સલાડ
615	Panini		17	\N	પેનિની
616	Paneer Tacos		17	\N	પનીર ટાકોઝ
617	Pesto Sauce		17	\N	પેસ્ટો સોસ
618	Pizza (Live Counter with Toppings)		17	\N	લાઈવ પિઝા કાઉન્ટર (ટોપિંગ્સ સાથે)
619	Tacos		17	\N	ટાકોઝ
620	Veg Burritos		17	\N	વેજ બરિટોઝ
621	Veg Sizzler		17	\N	વેજ સીઝલર
622	American Cheese Toast		18	\N	અમેરિકન ચીઝ ટોસ્ટ
623	American Wonton		18	\N	અમેરિકન વોન્ટોન
624	Baby Corn Manchurian		18	\N	બેબી કોર્ન મંચુરિયન
625	Chinese Bhel		18	\N	ચાઈનીઝ ભેલ
626	Chinese Cola		18	\N	ચાઈનીઝ કોલા
627	Chinese Pasta Loot		18	\N	ચાઈનીઝ પાસ્તા લૂટ
628	Chini Changa		18	\N	ચિની ચાંગા
629	Crispy Baby Corn		18	\N	ક્રિસ્પી બેબી કોર્ન
630	Dragon Potato		18	\N	ડ્રેગન બટેટા
631	Dry Manchurian		18	\N	ડ્રાય મંચુરિયન
632	Finger Chips with Sauce		18	\N	ફિંગર ચિપ્સ સોસ સાથે
633	Fried Rice		18	\N	ફ્રાઈડ રાઈસ
634	Gobi Manchurian		18	\N	ગોબી મંચુરિયન
635	Hakka Noodles		18	\N	હક્કા નૂડલ્સ
636	Honey Chilli Potato		18	\N	હની ચિલી પોટેટો
637	Lazy Fry		18	\N	લેઝી ફ્રાય
638	Paneer Chilli		18	\N	પનીર ચિલી
639	Red White Pasta		18	\N	રેડ વ્હાઇટ પાસ્તા
640	Schezwan Noodles		18	\N	શેઝવાન નૂડલ્સ
641	Sesame Rolls		18	\N	સેસમી રોલ્સ
642	Spring Roll		18	\N	સ્પ્રિંગ રોલ
643	Triple Schezwan Rice		18	\N	ટ્રિપલ શેઝવાન રાઈસ
644	Veg Crispy		18	\N	વેજ ક્રિસ્પી
645	Veg Manchurian		18	\N	વેજ મંચુરિયન
646	Veg Noodles		18	\N	વેજ નૂડલ્સ
647	Veg Schezwan Fried Rice		18	\N	વેજ શેઝવાન ફ્રાઈડ રાઈસ
648	Aloo Tikki		19	\N	આલુ ટિક્કી
649	Bread Pakoda		19	\N	બ્રેડ પકોડા
650	Bread Rolls		19	\N	બ્રેડ રોલ્સ
651	Burger		19	\N	બર્ગર
652	Cheese Corn Cutlet		19	\N	ચીઝ કોર્ન કટલેટ
653	Cheese Garlic Bread		19	\N	ચીઝ ગાર્લિક બ્રેડ
654	Chole Bhature		19	\N	ચોળે ભટુરા
655	Dabeli		19	\N	દાબેલી
656	Dal Vada		19	\N	દાળ વડા
657	Focaccia		19	\N	ફોકાચિયા
658	Frankie		19	\N	ફ્રેન્કી
659	French Fries		19	\N	ફ્રેન્ચ ફ્રાઈઝ
660	Handvo		19	\N	હાંડવો
661	Hungarian Potato		19	\N	હંગેરિયન બટેટા
662	Kachori Pizza		19	\N	કચોરી પિઝા
663	Khichu		19	\N	ખીચુ
664	Masala Fries		19	\N	મસાલા ફ્રાઈઝ
665	Methi Na Gota		19	\N	મેથીના ગોટા
666	Mini Dosa		19	\N	મિની ઢોસા
667	Mini Pizza		19	\N	મિની પિઝા
668	Paneer Pakoda		19	\N	પનીર પકોડા
669	Paneer Roll		19	\N	પનીર રોલ
670	Patra		19	\N	પાત્રા
671	Pav Bhaji		19	\N	પાવ ભાજી
672	Pani Puri		19	\N	પાણી પુરી
673	Pizza Dhokla		19	\N	પિઝા ઢોકળા
674	Ragda Pattice		19	\N	રગડા પેટિસ
675	Rajwadi Bhajiya		19	\N	રાજવાડી ભજીયા
676	Samosa		19	\N	સમોસા
677	Sev Khamani		19	\N	સેવ ખમણી
678	Spinach Dhokla		19	\N	સ્પિનેચ ઢોકળા
679	Spring Dosa		19	\N	સ્પ્રિંગ ઢોસા
680	Steamed Dhokla		19	\N	સ્ટીમ ઢોકળા
681	Uttariya + Chutney		19	\N	ઉત્તરિયા અને ચટણી
682	Vada Pav		19	\N	વડા પાવ
683	Veg Wrap		19	\N	વેજ રેપ
684	Aloo Paratha		26	\N	આલુ પરાઠા
685	Assorted Namkeen		26	\N	મિક્સ નમકીન
686	Bhakri		26	\N	ભાખરી
687	Bhel		26	\N	ભેલ
688	Bread Butter		26	\N	બ્રેડ બટર
689	Chillies – Raita Chillies		26	\N	રાયતા મરચાં
690	Chips		26	\N	ચિપ્સ
691	Chutney		26	\N	ચટણી
692	Curd		26	\N	દહીં
693	Dal Pakwan		26	\N	દાળ પકવાન
694	Dhebra		26	\N	ધેબરા
695	Exclusive Bakery Counter		26	\N	એક્સક્લૂસિવ બેકરી કાઉન્ટર
696	Fafda Gathiya		26	\N	ફાફડા ગઠિયા
697	Fried Green Chilies		26	\N	તળેલા લીલા મરચાં
698	Fresh Fruit / Juice		26	\N	ફ્રેશ ફ્રૂટ / જ્યુસ
699	Grilled Sandwich		26	\N	ગ્રિલ સેન્ડવિચ
700	Indori Poha		26	\N	ઇન્દોરી પોહા
701	Khajli		26	\N	ખાજલી
702	Khakhra		26	\N	ખાખરા
703	Khari Sing		26	\N	ખારી શીંગ
704	Medu Vada		26	\N	મેદુ વડા
705	Milk / Tea / Coffee		26	\N	દૂધ / ચા / કૉફી
706	Moong Shaak		26	\N	મગ શાક
707	Poha		26	\N	પોહા
708	Saffron Jalebi		26	\N	કેસર જલેબી
709	Sauce – Chutney		26	\N	સોસ અને ચટણી
710	Sev Khamani		26	\N	સેવ ખમણી
711	Sambharo		26	\N	સંભારો
712	Sprouts		26	\N	સ્પ્રાઉટ્સ
713	Steam Idli		26	\N	સ્ટીમ ઇડલી
714	Stuffed Paratha with Curd		26	\N	સ્ટફ્ડ પરાઠા દહીં સાથે
715	Tea		26	\N	ચા
716	Tea–Coffee		26	\N	ચા-કૉફી
717	Thepla		26	\N	થેપલા
718	Upma		26	\N	ઉપમા
719	Uttapam		26	\N	ઉત્તપમ
720	Veg Cutlet		26	\N	વેજ કટલેટ
721	White Dhokla		26	\N	સફેદ ઢોકળા
722	Assorted Namkeen		27	\N	મિક્સ નમકીન
723	Bhakhri		27	\N	ભાખરી
724	Chinese Bhel		27	\N	ચાઈનીઝ ભેલ
725	Cold Drinks		27	\N	કોલ્ડ ડ્રિંક્સ
726	Dabeli		27	\N	દાબેલી
727	Exclusive Bakery Counter		27	\N	એક્સક્લૂસિવ બેકરી કાઉન્ટર
728	French Fries		27	\N	ફ્રેન્ચ ફ્રાઈઝ
729	Fresh Fruit / Fruit Juice		27	\N	ફ્રેશ ફ્રૂટ / ફ્રૂટ જ્યુસ
730	Gathiya		27	\N	ગઠિયા
731	Khakhra		27	\N	ખાખરા
732	Khari Sing (Salted Peanuts)		27	\N	ખારી શીંગ
733	Masala Corn		27	\N	મસાલા કોર્ન
734	Moong Sabzi		27	\N	મગ શાક
735	Pani Puri		27	\N	પાણી પુરી
736	Pav Bhaji		27	\N	પાવ ભાજી
737	Popcorn		27	\N	પોપકોર્ન
738	Ragda Pav		27	\N	રગડા પાવ
739	Sandwich		27	\N	સેન્ડવિચ
740	Schezwan Idli		27	\N	શેઝવાન ઇડલી
741	Simple Bhel		27	\N	સિમ્પલ ભેલ
742	Sauces & Chutneys		27	\N	સોસ અને ચટણી
743	Sprouts		27	\N	સ્પ્રાઉટ્સ
744	Thepla		27	\N	થેપલા
745	Centro Rice (Thai Curry)		20	\N	સેન્ટ્રો રાઈસ (થાઈ કરી સાથે)
746	Dal		20	\N	દાળ
747	Dal Dhabha Style		20	\N	ઢાબા સ્ટાઈલ દાળ
748	Dal Fry		20	\N	દાળ ફ્રાય
749	Dal Makhani		20	\N	દાળ મખણી
750	Dal Tadka (Live)		20	\N	દાળ તડકા (લાઈવ)
751	Dry Fruit Pulao		20	\N	ડ્રાય ફ્રૂટ પુલાવ
752	Dum Biryani		20	\N	દમ બિરયાની
753	Gujarati Kadhi		20	\N	ગુજરાતી કઢી
754	Gujarati Khichdi		20	\N	ગુજરાતી ખીચડી
755	Hyderabadi Biryani		20	\N	હૈદરાબાદી બિરયાની
756	Hyderabadi Dal		20	\N	હૈદરાબાદી દાળ
757	Jeera Rice		20	\N	જીરા રાઈસ
758	Jodhpuri Pulao		20	\N	જોધપુરી પુલાવ
759	Kesar Pulao		20	\N	કેસર પુલાવ
760	Lemon Coriander Rice		20	\N	લીંબુ ધાણા રાઈસ
761	Malaysian Rice		20	\N	મલેશિયન રાઈસ
762	Matar Pulao		20	\N	મટર પુલાવ
763	Mexican Rice		20	\N	મેક્સિકન રાઈસ
764	Moong Dal		20	\N	મગ દાળ
765	Nawabi Takarari Biryani		20	\N	નવાબી ટક્કરારી બિરયાની
766	Panchratna Dal		20	\N	પંચરત્ન દાળ
767	Palak Corn Rice		20	\N	પાલક કોર્ન રાઈસ
768	Peas Pulao		20	\N	વટાણા પુલાવ
769	Plain Rice		20	\N	પ્લેન રાઈસ
770	Rajasthani Kadhi		20	\N	રાજસ્થાની કઢી
771	Rajasthani Khichiya		20	\N	રાજસ્થાની ખીચીયા
772	Rajasthani Moong Dal		20	\N	રાજસ્થાની મગ દાળ
773	Steam Rice		20	\N	સ્ટીમ રાઈસ
774	Tawa Biryani		20	\N	તવા બિરયાની
775	Urad Dal		20	\N	ઉરદ દાળ
776	Veg Biryani		20	\N	વેજ બિરયાની
777	Veg Pulao		20	\N	વેજ પુલાવ
819	Dahi		23	\N	દહીં
820	Makhan		23	\N	માખણ
821	Masala Buttermilk		23	\N	મસાલા છાશ
822	Plain Buttermilk		23	\N	પ્લેન છાશ
823	Water Bottle		24	\N	પાણી બોટલ
824	Water Jug		24	\N	પાણી જગ
833	Crud		20	\N	દહીં
834	Almond Salad		21	\N	બદામ સલાડ
835	American Corn Salad		21	\N	અમેરિકન કોર્ન સલાડ
836	Bean Salad		21	\N	બીન સલાડ
837	Boondi Raita		21	\N	બૂંદી રાયતા
838	Chinese Apple Salad		21	\N	ચાઈનીઝ એપલ સલાડ
839	Coconut Raita		21	\N	નાળિયેર રાયતા
840	Cone Cream Bean Salad		21	\N	કોન ક્રીમ બીન સલાડ
841	Cream Potato with Herbs		21	\N	ક્રીમ પોટેટો વિથ હર્બ્સ
842	Farsan Salad		21	\N	ફરસાણ સલાડ
843	Fransevell Dekong		21	\N	ફ્રાન્સેવેલ ડેકોંગ
844	Fruit & Bean Salad		21	\N	ફ્રૂટ અને બીન સલાડ
845	Fruit Pineapple Raita		21	\N	ફ્રૂટ પાઈનેપલ રાયતા
846	Fruit Raita		21	\N	ફ્રૂટ રાયતા
847	Fried Green Chilies		21	\N	તળેલા લીલા મરચાં
848	Fusilli Pasta Salad		21	\N	ફ્યુઝિલી પાસ્તા સલાડ
849	German Potato Salad		21	\N	જર્મન પોટેટો સલાડ
850	Green Salad		21	\N	ગ્રીન સલાડ
851	Kab Salad		21	\N	કેબ સલાડ
852	Mediterranean Bean Salad		21	\N	મેડિટેરેનિયન બીન સલાડ
853	Onion		21	\N	ડુંગળી
854	Pako Sambhar		21	\N	પાકો સંભાર
855	Pasta Salad		21	\N	પાસ્તા સલાડ
856	Peanut Coconut Salad		21	\N	શીંગ નાળિયેર સલાડ
857	Pickle Salad		21	\N	પિકલ સલાડ
858	Pineapple Apple Salad		21	\N	પાઈનેપલ એપલ સલાડ
859	Pineapple Raita		21	\N	પાઈનેપલ રાયતા
860	Russian Salad		21	\N	રશિયન સલાડ
861	Salad		21	\N	સલાડ
862	Salad Counter		21	\N	સલાડ કાઉન્ટર
863	Sambharo		21	\N	સંભારો
864	Sundari Bhindi		21	\N	સુંદરિ ભીંડા
865	Vegetable Raita		21	\N	વેજ રાયતા
866	Churi Papad		22	\N	ચુરી પાપડ
867	Coconut Chutney		22	\N	નાળિયેર ચટણી
868	Disco Papad		22	\N	ડિસ્કો પાપડ
869	Fruit Chutney		22	\N	ફ્રૂટ ચટણી
870	Fry Papad		22	\N	તળેલા પાપડ
871	Fryums		22	\N	ફ્રાયમ્સ
872	Garlic Chutney		22	\N	લસણની ચટણી
873	Green Chutney		22	\N	લીલી ચટણી
874	Gujarati Pickle		22	\N	ગુજરાતી અચાર
875	Gunda Pickle		22	\N	ગુંદા અચાર
876	Kadhi Mirchi		22	\N	કઢી મરચાં
877	Kutchi Chutney		22	\N	કચ્છી ચટણી
878	Mango Methiya		22	\N	કેરી મેથીયું
879	Papad		22	\N	પાપડ
880	Punjabi Pickle		22	\N	પંજાબી અચાર
881	Raw Mango & Grapes		22	\N	કાચી કેરી અને દ્રાક્ષ
882	Red Chutney		22	\N	લાલ ચટણી
883	Roasted Papad		22	\N	રોસ્ટેડ પાપડ
884	Stuffed Chillies		22	\N	ભરેલા મરચાં
885	Yogurt Chutney		22	\N	દહીં ચટણી
886	Candy		25	\N	કેન્ડી
887	Chocolate Brownie		25	\N	ચોકલેટ બ્રાઉની
888	Espresso Coffee		25	\N	એસ્પ્રેસો કૉફી
889	Fanta		25	\N	ફાન્ટા
890	Fruit Dish		25	\N	ફ્રૂટ ડિશ
891	Gola		25	\N	ગોલા
892	Hot Brownie Sizzler		25	\N	હોટ બ્રાઉની સિઝલર
893	Hot Gulab Jamun		25	\N	ગરમ ગુલાબ જાંબુ
894	Ice Cream		25	\N	આઈસક્રીમ
895	Lemon Soda		25	\N	લીંબુ સોડા
896	Mango Juice		25	\N	મેંગો જ્યુસ
897	Pan with Poetry		25	\N	કવિતાવાળો પાન
898	Rajwadi Mukhwas		25	\N	રાજવાડી મુખવાસ
899	Raspberry Jalebi		25	\N	રાસ્પબેરી જલેબી
900	Saffron Jalebi		25	\N	કેસર જલેબી
901	Salted Peanuts (Khari Sing)		25	\N	ખારી શીંગ
902	Sprite		25	\N	સ્પ્રાઇટ
903	Sugarcane Juice		25	\N	શેરડીનો રસ
904	Tea		25	\N	ચા
905	Thums Up		25	\N	થમ્સ અપ
906	Vimto		25	\N	વિમ્ટો
\.


--
-- Data for Name: catering_menu_items; Type: TABLE DATA; Schema: public; Owner: makadiyapreet
--

COPY public.catering_menu_items (id, menu_id, menu_item_id) FROM stdin;
63	5	614
64	5	14
65	5	19
66	5	20
67	5	604
68	6	228
69	6	6
70	6	7
71	6	234
72	6	13
73	6	238
74	6	239
75	6	17
\.


--
-- Data for Name: catering_user; Type: TABLE DATA; Schema: public; Owner: makadiyapreet
--

COPY public.catering_user (id, password, last_login, is_superuser, username, first_name, last_name, is_staff, is_active, date_joined, email, phone_number, profile_image, user_type) FROM stdin;
2	pbkdf2_sha256$1200000$CIjhupItV6sbjzXocTe9tI$RxPbPJ3mAzd68qfliJ8beSreWYLFW8k4sFt0HnOAnPM=	2026-01-17 19:39:02.685271+05:30	f	preetpatel			f	t	2026-01-02 09:56:17.832731+05:30	preet131004m@gmail.com	9427788144	profile_images/default_user.png	customer
1	pbkdf2_sha256$1200000$HTVERZSwCoGOacHuCYlzr6$Qln//CNx8VqsM+ZCEytEWJJrGYrGY22M7Hg939daa1A=	2026-01-17 19:47:57.497723+05:30	t	Preet			t	t	2026-01-01 11:40:14.554355+05:30	makadiyapreet1@gmail.com	8160238745	profile_images/er_wgqf_hI7KN5b.jpg	customer
\.


--
-- Data for Name: catering_user_groups; Type: TABLE DATA; Schema: public; Owner: makadiyapreet
--

COPY public.catering_user_groups (id, user_id, group_id) FROM stdin;
\.


--
-- Data for Name: catering_user_user_permissions; Type: TABLE DATA; Schema: public; Owner: makadiyapreet
--

COPY public.catering_user_user_permissions (id, user_id, permission_id) FROM stdin;
\.


--
-- Data for Name: django_admin_log; Type: TABLE DATA; Schema: public; Owner: makadiyapreet
--

COPY public.django_admin_log (id, action_time, object_id, object_repr, action_flag, change_message, content_type_id, user_id) FROM stdin;
1	2026-01-02 12:49:31.148792+05:30	1	Welcome Drinks	1	[{"added": {}}]	8	1
2	2026-01-02 13:14:32.063226+05:30	2	Biting	1	[{"added": {}}]	8	1
3	2026-01-02 17:59:53.822879+05:30	3	Soups	1	[{"added": {}}]	8	1
4	2026-01-02 19:39:24.73103+05:30	69	Preet	3		9	1
5	2026-01-02 22:55:16.252486+05:30	5	Starters	1	[{"added": {}}]	8	1
6	2026-01-02 22:55:40.824744+05:30	6	Pure Ghee Sweets	1	[{"added": {}}]	8	1
7	2026-01-02 22:56:03.39523+05:30	7	Special Liquid Sweets	1	[{"added": {}}]	8	1
8	2026-01-02 23:00:13.546503+05:30	8	Hot Halwa & Shrikhand	1	[{"added": {}}]	8	1
9	2026-01-02 23:00:35.512071+05:30	9	Indian Breads (Roti)	1	[{"added": {}}]	8	1
10	2026-01-02 23:10:34.726392+05:30	10	Gujarati Curries	1	[{"added": {}}]	8	1
11	2026-01-02 23:13:06.305807+05:30	4	Soups	2	[{"changed": {"fields": ["Name", "Gujarati name"]}}]	8	1
12	2026-01-02 23:13:18.40589+05:30	3	Soups	3		8	1
13	2026-01-02 23:21:17.516895+05:30	10	Gujarati Curries	2	[{"changed": {"fields": ["Order"]}}]	8	1
14	2026-01-02 23:21:17.520394+05:30	9	Indian Breads (Roti)	2	[{"changed": {"fields": ["Order"]}}]	8	1
15	2026-01-02 23:21:17.521535+05:30	8	Hot Halwa & Shrikhand	2	[{"changed": {"fields": ["Order"]}}]	8	1
16	2026-01-02 23:21:17.522476+05:30	7	Special Liquid Sweets	2	[{"changed": {"fields": ["Order"]}}]	8	1
17	2026-01-02 23:21:17.523627+05:30	6	Pure Ghee Sweets	2	[{"changed": {"fields": ["Order"]}}]	8	1
18	2026-01-02 23:21:17.524705+05:30	5	Starters	2	[{"changed": {"fields": ["Order"]}}]	8	1
19	2026-01-02 23:21:17.525799+05:30	4	Soups	2	[{"changed": {"fields": ["Order"]}}]	8	1
20	2026-01-02 23:21:17.526868+05:30	2	Biting	2	[{"changed": {"fields": ["Order"]}}]	8	1
21	2026-01-02 23:21:17.52785+05:30	1	Welcome Drinks	2	[{"changed": {"fields": ["Order"]}}]	8	1
22	2026-01-02 23:24:27.308273+05:30	190	White Ras Madhuri	3		9	1
23	2026-01-02 23:24:27.309308+05:30	189	Strawberry Plaza	3		9	1
24	2026-01-02 23:24:27.309322+05:30	188	Rajbhog Plaza	3		9	1
25	2026-01-02 23:24:27.30933+05:30	187	Basundi	3		9	1
26	2026-01-02 23:24:27.309337+05:30	186	Pine Coconut Rabdi	3		9	1
27	2026-01-02 23:24:27.309344+05:30	185	Dry Fruit Cream Fruit Salad	3		9	1
28	2026-01-02 23:24:27.309351+05:30	184	Custard Apple Dry Fruit Basundi	3		9	1
29	2026-01-02 23:24:27.309359+05:30	183	Dry Fruit Pineapple Chili	3		9	1
30	2026-01-02 23:24:27.309365+05:30	182	Dry Fruit Mango Pi	3		9	1
31	2026-01-02 23:24:27.309372+05:30	181	Dry Fruit Lychee Plaza	3		9	1
32	2026-01-02 23:24:27.309379+05:30	180	Dry Fruit Lychee Laccha Rabdi	3		9	1
33	2026-01-02 23:24:27.309385+05:30	179	Dry Fruit Black Currant Plaza	3		9	1
34	2026-01-02 23:24:27.309392+05:30	178	Dry Fruit Butter Plaza	3		9	1
35	2026-01-02 23:24:27.309398+05:30	177	Dry Fruit Butter Laccha Rabdi	3		9	1
36	2026-01-02 23:24:27.309405+05:30	176	Dry Fruit Kesar Laccha Rabdi	3		9	1
37	2026-01-02 23:24:27.309412+05:30	175	Dry Fruit Kalkati Plaza	3		9	1
38	2026-01-02 23:24:27.309419+05:30	174	Dry Fruit Apple Plaza	3		9	1
39	2026-01-02 23:24:27.309426+05:30	173	Ghevar Cashew Rabdi	3		9	1
40	2026-01-02 23:24:27.309432+05:30	172	Cream Pine Shahi	3		9	1
41	2026-01-02 23:24:27.309439+05:30	171	Cream Pine Nut Chikki	3		9	1
42	2026-01-02 23:24:27.309446+05:30	170	Cream Kesar Thandai	3		9	1
43	2026-01-02 23:24:27.309452+05:30	169	Kings & Honey Laccha Rabdi	3		9	1
44	2026-01-02 23:24:27.309459+05:30	168	Kesar Dry Fruit Ras Madhuri	3		9	1
45	2026-01-02 23:24:27.309466+05:30	167	Kesar Dry Fruit Basundi	3		9	1
46	2026-01-02 23:24:27.309473+05:30	166	Alfred Plaza	3		9	1
47	2026-01-02 23:25:36.457236+05:30	165	Sukhdi	3		9	1
48	2026-01-02 23:25:36.457334+05:30	164	Rava Sheera	3		9	1
49	2026-01-02 23:25:36.457353+05:30	163	Rava Ladoo	3		9	1
50	2026-01-02 23:25:36.457367+05:30	162	Puran Poli	3		9	1
51	2026-01-02 23:25:36.457382+05:30	161	Lisa Ladoo	3		9	1
52	2026-01-02 23:25:36.457396+05:30	160	Lapsi	3		9	1
53	2026-01-02 23:25:36.457408+05:30	159	Mohanthal Lachko	3		9	1
54	2026-01-02 23:25:36.457421+05:30	158	Mohanthal	3		9	1
55	2026-01-02 23:25:36.457434+05:30	157	Mesub	3		9	1
56	2026-01-02 23:25:36.457447+05:30	156	Magdi Ladoo	3		9	1
57	2026-01-02 23:25:36.45746+05:30	155	Moong Dal Sheera	3		9	1
58	2026-01-02 23:25:36.457473+05:30	154	Magaj Ladoo	3		9	1
59	2026-01-02 23:25:36.457485+05:30	153	Fada Lapsi	3		9	1
60	2026-01-02 23:25:36.457498+05:30	152	Dry Fruit Gundi	3		9	1
61	2026-01-02 23:25:36.45751+05:30	151	Kala Jam	3		9	1
62	2026-01-02 23:25:36.457523+05:30	150	Jambu	3		9	1
63	2026-01-02 23:25:36.457535+05:30	149	Jalebi	3		9	1
64	2026-01-02 23:25:36.457548+05:30	148	Churma Ladoo	3		9	1
65	2026-01-02 23:25:36.45756+05:30	147	Kheer	3		9	1
66	2026-01-02 23:25:36.457573+05:30	146	Saffron Pistachio Adadiya	3		9	1
67	2026-01-02 23:25:36.457585+05:30	145	Saffron Almond Adadiya	3		9	1
68	2026-01-02 23:25:36.457599+05:30	144	Cashew Mesub	3		9	1
69	2026-01-02 23:25:36.457611+05:30	143	Cashew Adadiya	3		9	1
70	2026-01-02 23:25:36.457626+05:30	142	Adadiya Gundipak	3		9	1
71	2026-01-03 11:23:28.992895+05:30	11	Punjabi Curries	1	[{"added": {}}]	8	1
72	2026-01-07 15:22:33.853297+05:30	12	Kathiyawadi Counter	1	[{"added": {}}]	8	1
73	2026-01-07 15:22:52.116435+05:30	13	Farsan	1	[{"added": {}}]	8	1
74	2026-01-07 15:25:07.161806+05:30	14	Chaat	1	[{"added": {}}]	8	1
75	2026-01-07 15:25:27.485417+05:30	15	Pizza & Toast	1	[{"added": {}}]	8	1
76	2026-01-07 15:25:50.054619+05:30	16	South Indian	1	[{"added": {}}]	8	1
77	2026-01-11 11:02:51.404508+05:30	17	Italian & Mexican	1	[{"added": {}}]	8	1
78	2026-01-11 11:03:28.578052+05:30	18	Chinese Menu	1	[{"added": {}}]	8	1
79	2026-01-11 11:03:53.192135+05:30	19	Live Snacks Counter	1	[{"added": {}}]	8	1
80	2026-01-11 11:04:37.908946+05:30	20	Dal & Rice	1	[{"added": {}}]	8	1
81	2026-01-11 11:05:08.575336+05:30	21	Salads	1	[{"added": {}}]	8	1
82	2026-01-11 11:07:44.331464+05:30	22	Papad, Chutney & Pickles	1	[{"added": {}}]	8	1
83	2026-01-11 11:08:06.16899+05:30	23	Buttermilk	1	[{"added": {}}]	8	1
84	2026-01-11 11:08:22.019034+05:30	24	Water	1	[{"added": {}}]	8	1
85	2026-01-11 11:08:41.661324+05:30	24	Water	2	[{"changed": {"fields": ["Order"]}}]	8	1
86	2026-01-11 11:10:18.465416+05:30	25	Desserts	1	[{"added": {}}]	8	1
87	2026-01-11 11:11:34.462234+05:30	26	Morning Breakfast	1	[{"added": {}}]	8	1
88	2026-01-11 11:11:41.825988+05:30	25	Desserts	2	[{"changed": {"fields": ["Order"]}}]	8	1
89	2026-01-11 11:13:42.171606+05:30	27	Sanjhi Nasto	1	[{"added": {}}]	8	1
90	2026-01-11 11:19:16.446488+05:30	503	Ajmeri Curry Kachori	3		9	1
91	2026-01-11 11:34:33.941484+05:30	799	Vegetable Raita	3		9	1
92	2026-01-11 11:34:33.941615+05:30	798	Sambharo	3		9	1
93	2026-01-11 11:34:33.941655+05:30	797	Salad	3		9	1
94	2026-01-11 11:34:33.941692+05:30	796	Russian Salad	3		9	1
95	2026-01-11 11:34:33.941725+05:30	795	Pineapple Raita	3		9	1
96	2026-01-11 11:34:33.941759+05:30	794	Pickle Salad	3		9	1
97	2026-01-11 11:34:33.941793+05:30	793	Peanut Coconut Salad	3		9	1
98	2026-01-11 11:34:33.941826+05:30	792	Pasta Salad	3		9	1
99	2026-01-11 11:34:33.94186+05:30	791	Onion	3		9	1
100	2026-01-11 11:34:33.941887+05:30	790	Mediterranean Bean Salad	3		9	1
101	2026-01-11 11:34:33.941912+05:30	789	Green Salad	3		9	1
102	2026-01-11 11:34:33.941936+05:30	788	German Potato Salad	3		9	1
103	2026-01-11 11:34:33.94196+05:30	787	Fruit Raita	3		9	1
104	2026-01-11 11:34:33.941983+05:30	786	Fruit & Bean Salad	3		9	1
105	2026-01-11 11:34:33.942008+05:30	785	Farsan Salad	3		9	1
106	2026-01-11 11:34:33.942032+05:30	784	Cream Potato with Herbs	3		9	1
107	2026-01-11 11:34:33.942056+05:30	783	Coconut Raita	3		9	1
108	2026-01-11 11:34:33.94208+05:30	782	Chinese Apple Salad	3		9	1
109	2026-01-11 11:34:33.942104+05:30	781	Boondi Raita	3		9	1
110	2026-01-11 11:34:33.942128+05:30	780	Bean Salad	3		9	1
111	2026-01-11 11:34:33.942151+05:30	779	American Corn Salad	3		9	1
112	2026-01-11 11:34:33.942175+05:30	778	Almond Salad	3		9	1
113	2026-01-11 11:35:00.847472+05:30	818	Yogurt Chutney	3		9	1
114	2026-01-11 11:35:00.847557+05:30	817	Stuffed Chillies	3		9	1
115	2026-01-11 11:35:00.847596+05:30	816	Roasted Papad	3		9	1
116	2026-01-11 11:35:00.847633+05:30	815	Red Chutney	3		9	1
117	2026-01-11 11:35:00.847669+05:30	814	Punjabi Pickle	3		9	1
118	2026-01-11 11:35:00.847704+05:30	813	Papad	3		9	1
119	2026-01-11 11:35:00.847738+05:30	812	Mango Methiya	3		9	1
120	2026-01-11 11:35:00.84777+05:30	811	Kutchi Chutney	3		9	1
121	2026-01-11 11:35:00.847804+05:30	810	Kadhi Mirchi	3		9	1
122	2026-01-11 11:35:00.847838+05:30	809	Gunda Pickle	3		9	1
123	2026-01-11 11:35:00.847871+05:30	808	Gujarati Pickle	3		9	1
124	2026-01-11 11:35:00.847902+05:30	807	Green Chutney	3		9	1
125	2026-01-11 11:35:00.847935+05:30	806	Garlic Chutney	3		9	1
126	2026-01-11 11:35:00.847967+05:30	805	Fryums	3		9	1
127	2026-01-11 11:35:00.847999+05:30	804	Fry Papad	3		9	1
128	2026-01-11 11:35:00.848031+05:30	803	Fruit Chutney	3		9	1
129	2026-01-11 11:35:00.848063+05:30	802	Disco Papad	3		9	1
130	2026-01-11 11:35:00.848097+05:30	801	Coconut Chutney	3		9	1
131	2026-01-11 11:35:00.848129+05:30	800	Churi Papad	3		9	1
132	2026-01-11 11:36:11.944498+05:30	832	Tea	3		9	1
133	2026-01-11 11:36:11.944562+05:30	831	Saffron Jalebi	3		9	1
134	2026-01-11 11:36:11.944583+05:30	830	Raspberry Jalebi	3		9	1
135	2026-01-11 11:36:11.944602+05:30	829	Hot Brownie Sizzler	3		9	1
136	2026-01-11 11:36:11.94462+05:30	828	Hot Gulab Jamun	3		9	1
137	2026-01-11 11:36:11.944638+05:30	827	Ice Cream	3		9	1
138	2026-01-11 11:36:11.944655+05:30	826	Chocolate Brownie	3		9	1
139	2026-01-11 11:36:11.944673+05:30	825	Candy	3		9	1
140	2026-01-17 19:38:49.809498+05:30	2	preetpatel (customer)	2	[{"changed": {"fields": ["password"]}}]	10	1
\.


--
-- Data for Name: django_content_type; Type: TABLE DATA; Schema: public; Owner: makadiyapreet
--

COPY public.django_content_type (id, app_label, model) FROM stdin;
1	admin	logentry
2	auth	group
3	auth	permission
4	contenttypes	contenttype
5	sessions	session
6	authtoken	token
7	authtoken	tokenproxy
8	catering	category
9	catering	menu_item
10	catering	user
11	catering	cateringevent
12	catering	staffmember
13	catering	member
14	catering	memberlog
15	catering	menu
16	catering	booking
\.


--
-- Data for Name: django_migrations; Type: TABLE DATA; Schema: public; Owner: makadiyapreet
--

COPY public.django_migrations (id, app, name, applied) FROM stdin;
1	contenttypes	0001_initial	2026-01-01 11:39:47.605058+05:30
2	contenttypes	0002_remove_content_type_name	2026-01-01 11:39:47.609877+05:30
3	auth	0001_initial	2026-01-01 11:39:47.639255+05:30
4	auth	0002_alter_permission_name_max_length	2026-01-01 11:39:47.642762+05:30
5	auth	0003_alter_user_email_max_length	2026-01-01 11:39:47.645347+05:30
6	auth	0004_alter_user_username_opts	2026-01-01 11:39:47.648005+05:30
7	auth	0005_alter_user_last_login_null	2026-01-01 11:39:47.650564+05:30
8	auth	0006_require_contenttypes_0002	2026-01-01 11:39:47.651226+05:30
9	auth	0007_alter_validators_add_error_messages	2026-01-01 11:39:47.653765+05:30
10	auth	0008_alter_user_username_max_length	2026-01-01 11:39:47.656348+05:30
11	auth	0009_alter_user_last_name_max_length	2026-01-01 11:39:47.659631+05:30
12	auth	0010_alter_group_name_max_length	2026-01-01 11:39:47.663772+05:30
13	auth	0011_update_proxy_permissions	2026-01-01 11:39:47.667952+05:30
14	auth	0012_alter_user_first_name_max_length	2026-01-01 11:39:47.670785+05:30
15	catering	0001_initial	2026-01-01 11:39:47.708913+05:30
16	admin	0001_initial	2026-01-01 11:39:47.726042+05:30
17	admin	0002_logentry_remove_auto_add	2026-01-01 11:39:47.730577+05:30
18	admin	0003_logentry_add_action_flag_choices	2026-01-01 11:39:47.734829+05:30
19	authtoken	0001_initial	2026-01-01 11:39:47.74691+05:30
20	authtoken	0002_auto_20160226_1747	2026-01-01 11:39:47.761758+05:30
21	authtoken	0003_tokenproxy	2026-01-01 11:39:47.763329+05:30
22	authtoken	0004_alter_tokenproxy_options	2026-01-01 11:39:47.765935+05:30
23	sessions	0001_initial	2026-01-01 11:39:47.775016+05:30
24	catering	0002_cateringevent_staffmember	2026-01-01 13:12:33.136674+05:30
25	catering	0003_member_memberlog_delete_staffmember	2026-01-02 11:01:29.169491+05:30
26	catering	0004_cateringevent_alternate_phone_and_more	2026-01-02 12:15:42.20533+05:30
27	catering	0005_cateringevent_menu_items	2026-01-02 12:22:34.180836+05:30
28	catering	0006_category_gujarati_name	2026-01-02 12:46:21.345837+05:30
29	catering	0007_rename_name_menu_item_name_remove_menu_item_descp_and_more	2026-01-02 12:55:41.481464+05:30
30	catering	0008_menu	2026-01-02 14:07:45.206909+05:30
31	catering	0009_menu_price_per_plate	2026-01-02 17:19:39.163632+05:30
32	catering	0010_rename_alternate_phone_cateringevent_contact_number	2026-01-02 22:37:35.930554+05:30
33	catering	0011_alter_category_options_category_order	2026-01-02 23:20:40.715603+05:30
34	catering	0012_menu_note	2026-01-02 23:45:10.161882+05:30
35	catering	0013_booking	2026-01-03 15:13:08.096183+05:30
36	catering	0014_cateringevent_advance_amount_cateringevent_rate_and_more	2026-01-11 12:51:18.996968+05:30
37	catering	0015_alter_user_profile_image	2026-01-17 19:45:39.581503+05:30
\.


--
-- Data for Name: django_session; Type: TABLE DATA; Schema: public; Owner: makadiyapreet
--

COPY public.django_session (session_key, session_data, expire_date) FROM stdin;
wvrvid5k5dkpg9sdvm2ridq4g409xwhg	.eJxVjDsOwjAQBe_iGkX2Gn9CiURPQ22t12scQRwpTirE3QlSCmjnzbyXCLguJayN5zAkcRJKHH5ZRHpw_Q6EC89DvXc7at1lxOF5LVPl26ZWHPm8238XBVvZepmSN5KSI6OtcuB1dgYAFRqbYiYP0nttCeIRJWRgpiyjtq5PWqlei_cHcLc4cQ:1veyud:cMqv7X6M6L-BNytbo8_ojnWhauLwphlDIj77qBKdlQ0	2026-01-25 22:37:35.273972+05:30
kluyrfxjjpcmfz502t9qvg1gx15l3waz	.eJxVjDsOwjAQBe_iGkX-xHFMiURPQ22td9fYghgpTirE3QlSCmjnzbyXCLAuOayN51BIHIUSh18WAe9cvwPCwnOpt25HrTtPUB6X_Kx83dQKE592--8iQ8tb7zgq6DVZowfdp9F6Z0kRJi8VGYrSGctoB-VQsicgp0djJHiFCTmyeH8AdvM5OA:1vh6yv:BxS-y152LaHWhCjkvsW_2FTcAVoOlvcAMJO9sp4C1Vs	2026-01-31 19:38:49.821287+05:30
\.


--
-- Name: auth_group_id_seq; Type: SEQUENCE SET; Schema: public; Owner: makadiyapreet
--

SELECT pg_catalog.setval('public.auth_group_id_seq', 1, false);


--
-- Name: auth_group_permissions_id_seq; Type: SEQUENCE SET; Schema: public; Owner: makadiyapreet
--

SELECT pg_catalog.setval('public.auth_group_permissions_id_seq', 1, false);


--
-- Name: auth_permission_id_seq; Type: SEQUENCE SET; Schema: public; Owner: makadiyapreet
--

SELECT pg_catalog.setval('public.auth_permission_id_seq', 64, true);


--
-- Name: catering_booking_id_seq; Type: SEQUENCE SET; Schema: public; Owner: makadiyapreet
--

SELECT pg_catalog.setval('public.catering_booking_id_seq', 3, true);


--
-- Name: catering_category_id_seq; Type: SEQUENCE SET; Schema: public; Owner: makadiyapreet
--

SELECT pg_catalog.setval('public.catering_category_id_seq', 27, true);


--
-- Name: catering_cateringevent_id_seq; Type: SEQUENCE SET; Schema: public; Owner: makadiyapreet
--

SELECT pg_catalog.setval('public.catering_cateringevent_id_seq', 8, true);


--
-- Name: catering_cateringevent_menu_items_id_seq; Type: SEQUENCE SET; Schema: public; Owner: makadiyapreet
--

SELECT pg_catalog.setval('public.catering_cateringevent_menu_items_id_seq', 2, true);


--
-- Name: catering_member_id_seq; Type: SEQUENCE SET; Schema: public; Owner: makadiyapreet
--

SELECT pg_catalog.setval('public.catering_member_id_seq', 4, true);


--
-- Name: catering_memberlog_id_seq; Type: SEQUENCE SET; Schema: public; Owner: makadiyapreet
--

SELECT pg_catalog.setval('public.catering_memberlog_id_seq', 22, true);


--
-- Name: catering_menu_id_seq; Type: SEQUENCE SET; Schema: public; Owner: makadiyapreet
--

SELECT pg_catalog.setval('public.catering_menu_id_seq', 6, true);


--
-- Name: catering_menu_item_id_seq; Type: SEQUENCE SET; Schema: public; Owner: makadiyapreet
--

SELECT pg_catalog.setval('public.catering_menu_item_id_seq', 906, true);


--
-- Name: catering_menu_items_id_seq; Type: SEQUENCE SET; Schema: public; Owner: makadiyapreet
--

SELECT pg_catalog.setval('public.catering_menu_items_id_seq', 75, true);


--
-- Name: catering_user_groups_id_seq; Type: SEQUENCE SET; Schema: public; Owner: makadiyapreet
--

SELECT pg_catalog.setval('public.catering_user_groups_id_seq', 1, false);


--
-- Name: catering_user_id_seq; Type: SEQUENCE SET; Schema: public; Owner: makadiyapreet
--

SELECT pg_catalog.setval('public.catering_user_id_seq', 2, true);


--
-- Name: catering_user_user_permissions_id_seq; Type: SEQUENCE SET; Schema: public; Owner: makadiyapreet
--

SELECT pg_catalog.setval('public.catering_user_user_permissions_id_seq', 1, false);


--
-- Name: django_admin_log_id_seq; Type: SEQUENCE SET; Schema: public; Owner: makadiyapreet
--

SELECT pg_catalog.setval('public.django_admin_log_id_seq', 140, true);


--
-- Name: django_content_type_id_seq; Type: SEQUENCE SET; Schema: public; Owner: makadiyapreet
--

SELECT pg_catalog.setval('public.django_content_type_id_seq', 16, true);


--
-- Name: django_migrations_id_seq; Type: SEQUENCE SET; Schema: public; Owner: makadiyapreet
--

SELECT pg_catalog.setval('public.django_migrations_id_seq', 37, true);


--
-- Name: auth_group auth_group_name_key; Type: CONSTRAINT; Schema: public; Owner: makadiyapreet
--

ALTER TABLE ONLY public.auth_group
    ADD CONSTRAINT auth_group_name_key UNIQUE (name);


--
-- Name: auth_group_permissions auth_group_permissions_group_id_permission_id_0cd325b0_uniq; Type: CONSTRAINT; Schema: public; Owner: makadiyapreet
--

ALTER TABLE ONLY public.auth_group_permissions
    ADD CONSTRAINT auth_group_permissions_group_id_permission_id_0cd325b0_uniq UNIQUE (group_id, permission_id);


--
-- Name: auth_group_permissions auth_group_permissions_pkey; Type: CONSTRAINT; Schema: public; Owner: makadiyapreet
--

ALTER TABLE ONLY public.auth_group_permissions
    ADD CONSTRAINT auth_group_permissions_pkey PRIMARY KEY (id);


--
-- Name: auth_group auth_group_pkey; Type: CONSTRAINT; Schema: public; Owner: makadiyapreet
--

ALTER TABLE ONLY public.auth_group
    ADD CONSTRAINT auth_group_pkey PRIMARY KEY (id);


--
-- Name: auth_permission auth_permission_content_type_id_codename_01ab375a_uniq; Type: CONSTRAINT; Schema: public; Owner: makadiyapreet
--

ALTER TABLE ONLY public.auth_permission
    ADD CONSTRAINT auth_permission_content_type_id_codename_01ab375a_uniq UNIQUE (content_type_id, codename);


--
-- Name: auth_permission auth_permission_pkey; Type: CONSTRAINT; Schema: public; Owner: makadiyapreet
--

ALTER TABLE ONLY public.auth_permission
    ADD CONSTRAINT auth_permission_pkey PRIMARY KEY (id);


--
-- Name: authtoken_token authtoken_token_pkey; Type: CONSTRAINT; Schema: public; Owner: makadiyapreet
--

ALTER TABLE ONLY public.authtoken_token
    ADD CONSTRAINT authtoken_token_pkey PRIMARY KEY (key);


--
-- Name: authtoken_token authtoken_token_user_id_key; Type: CONSTRAINT; Schema: public; Owner: makadiyapreet
--

ALTER TABLE ONLY public.authtoken_token
    ADD CONSTRAINT authtoken_token_user_id_key UNIQUE (user_id);


--
-- Name: catering_booking catering_booking_pkey; Type: CONSTRAINT; Schema: public; Owner: makadiyapreet
--

ALTER TABLE ONLY public.catering_booking
    ADD CONSTRAINT catering_booking_pkey PRIMARY KEY (id);


--
-- Name: catering_category catering_category_pkey; Type: CONSTRAINT; Schema: public; Owner: makadiyapreet
--

ALTER TABLE ONLY public.catering_category
    ADD CONSTRAINT catering_category_pkey PRIMARY KEY (id);


--
-- Name: catering_cateringevent_menu_items catering_cateringevent_m_cateringevent_id_menu_it_5177b6d4_uniq; Type: CONSTRAINT; Schema: public; Owner: makadiyapreet
--

ALTER TABLE ONLY public.catering_cateringevent_menu_items
    ADD CONSTRAINT catering_cateringevent_m_cateringevent_id_menu_it_5177b6d4_uniq UNIQUE (cateringevent_id, menu_item_id);


--
-- Name: catering_cateringevent_menu_items catering_cateringevent_menu_items_pkey; Type: CONSTRAINT; Schema: public; Owner: makadiyapreet
--

ALTER TABLE ONLY public.catering_cateringevent_menu_items
    ADD CONSTRAINT catering_cateringevent_menu_items_pkey PRIMARY KEY (id);


--
-- Name: catering_cateringevent catering_cateringevent_pkey; Type: CONSTRAINT; Schema: public; Owner: makadiyapreet
--

ALTER TABLE ONLY public.catering_cateringevent
    ADD CONSTRAINT catering_cateringevent_pkey PRIMARY KEY (id);


--
-- Name: catering_member catering_member_pkey; Type: CONSTRAINT; Schema: public; Owner: makadiyapreet
--

ALTER TABLE ONLY public.catering_member
    ADD CONSTRAINT catering_member_pkey PRIMARY KEY (id);


--
-- Name: catering_memberlog catering_memberlog_pkey; Type: CONSTRAINT; Schema: public; Owner: makadiyapreet
--

ALTER TABLE ONLY public.catering_memberlog
    ADD CONSTRAINT catering_memberlog_pkey PRIMARY KEY (id);


--
-- Name: catering_menu_item catering_menu_item_pkey; Type: CONSTRAINT; Schema: public; Owner: makadiyapreet
--

ALTER TABLE ONLY public.catering_menu_item
    ADD CONSTRAINT catering_menu_item_pkey PRIMARY KEY (id);


--
-- Name: catering_menu_items catering_menu_items_menu_id_menu_item_id_069efd86_uniq; Type: CONSTRAINT; Schema: public; Owner: makadiyapreet
--

ALTER TABLE ONLY public.catering_menu_items
    ADD CONSTRAINT catering_menu_items_menu_id_menu_item_id_069efd86_uniq UNIQUE (menu_id, menu_item_id);


--
-- Name: catering_menu_items catering_menu_items_pkey; Type: CONSTRAINT; Schema: public; Owner: makadiyapreet
--

ALTER TABLE ONLY public.catering_menu_items
    ADD CONSTRAINT catering_menu_items_pkey PRIMARY KEY (id);


--
-- Name: catering_menu catering_menu_pkey; Type: CONSTRAINT; Schema: public; Owner: makadiyapreet
--

ALTER TABLE ONLY public.catering_menu
    ADD CONSTRAINT catering_menu_pkey PRIMARY KEY (id);


--
-- Name: catering_user catering_user_email_key; Type: CONSTRAINT; Schema: public; Owner: makadiyapreet
--

ALTER TABLE ONLY public.catering_user
    ADD CONSTRAINT catering_user_email_key UNIQUE (email);


--
-- Name: catering_user_groups catering_user_groups_pkey; Type: CONSTRAINT; Schema: public; Owner: makadiyapreet
--

ALTER TABLE ONLY public.catering_user_groups
    ADD CONSTRAINT catering_user_groups_pkey PRIMARY KEY (id);


--
-- Name: catering_user_groups catering_user_groups_user_id_group_id_62c80787_uniq; Type: CONSTRAINT; Schema: public; Owner: makadiyapreet
--

ALTER TABLE ONLY public.catering_user_groups
    ADD CONSTRAINT catering_user_groups_user_id_group_id_62c80787_uniq UNIQUE (user_id, group_id);


--
-- Name: catering_user catering_user_phone_number_key; Type: CONSTRAINT; Schema: public; Owner: makadiyapreet
--

ALTER TABLE ONLY public.catering_user
    ADD CONSTRAINT catering_user_phone_number_key UNIQUE (phone_number);


--
-- Name: catering_user catering_user_pkey; Type: CONSTRAINT; Schema: public; Owner: makadiyapreet
--

ALTER TABLE ONLY public.catering_user
    ADD CONSTRAINT catering_user_pkey PRIMARY KEY (id);


--
-- Name: catering_user_user_permissions catering_user_user_permi_user_id_permission_id_c2133746_uniq; Type: CONSTRAINT; Schema: public; Owner: makadiyapreet
--

ALTER TABLE ONLY public.catering_user_user_permissions
    ADD CONSTRAINT catering_user_user_permi_user_id_permission_id_c2133746_uniq UNIQUE (user_id, permission_id);


--
-- Name: catering_user_user_permissions catering_user_user_permissions_pkey; Type: CONSTRAINT; Schema: public; Owner: makadiyapreet
--

ALTER TABLE ONLY public.catering_user_user_permissions
    ADD CONSTRAINT catering_user_user_permissions_pkey PRIMARY KEY (id);


--
-- Name: catering_user catering_user_username_key; Type: CONSTRAINT; Schema: public; Owner: makadiyapreet
--

ALTER TABLE ONLY public.catering_user
    ADD CONSTRAINT catering_user_username_key UNIQUE (username);


--
-- Name: django_admin_log django_admin_log_pkey; Type: CONSTRAINT; Schema: public; Owner: makadiyapreet
--

ALTER TABLE ONLY public.django_admin_log
    ADD CONSTRAINT django_admin_log_pkey PRIMARY KEY (id);


--
-- Name: django_content_type django_content_type_app_label_model_76bd3d3b_uniq; Type: CONSTRAINT; Schema: public; Owner: makadiyapreet
--

ALTER TABLE ONLY public.django_content_type
    ADD CONSTRAINT django_content_type_app_label_model_76bd3d3b_uniq UNIQUE (app_label, model);


--
-- Name: django_content_type django_content_type_pkey; Type: CONSTRAINT; Schema: public; Owner: makadiyapreet
--

ALTER TABLE ONLY public.django_content_type
    ADD CONSTRAINT django_content_type_pkey PRIMARY KEY (id);


--
-- Name: django_migrations django_migrations_pkey; Type: CONSTRAINT; Schema: public; Owner: makadiyapreet
--

ALTER TABLE ONLY public.django_migrations
    ADD CONSTRAINT django_migrations_pkey PRIMARY KEY (id);


--
-- Name: django_session django_session_pkey; Type: CONSTRAINT; Schema: public; Owner: makadiyapreet
--

ALTER TABLE ONLY public.django_session
    ADD CONSTRAINT django_session_pkey PRIMARY KEY (session_key);


--
-- Name: auth_group_name_a6ea08ec_like; Type: INDEX; Schema: public; Owner: makadiyapreet
--

CREATE INDEX auth_group_name_a6ea08ec_like ON public.auth_group USING btree (name varchar_pattern_ops);


--
-- Name: auth_group_permissions_group_id_b120cbf9; Type: INDEX; Schema: public; Owner: makadiyapreet
--

CREATE INDEX auth_group_permissions_group_id_b120cbf9 ON public.auth_group_permissions USING btree (group_id);


--
-- Name: auth_group_permissions_permission_id_84c5c92e; Type: INDEX; Schema: public; Owner: makadiyapreet
--

CREATE INDEX auth_group_permissions_permission_id_84c5c92e ON public.auth_group_permissions USING btree (permission_id);


--
-- Name: auth_permission_content_type_id_2f476e4b; Type: INDEX; Schema: public; Owner: makadiyapreet
--

CREATE INDEX auth_permission_content_type_id_2f476e4b ON public.auth_permission USING btree (content_type_id);


--
-- Name: authtoken_token_key_10f0b77e_like; Type: INDEX; Schema: public; Owner: makadiyapreet
--

CREATE INDEX authtoken_token_key_10f0b77e_like ON public.authtoken_token USING btree (key varchar_pattern_ops);


--
-- Name: catering_cateringevent_menu_items_cateringevent_id_204375be; Type: INDEX; Schema: public; Owner: makadiyapreet
--

CREATE INDEX catering_cateringevent_menu_items_cateringevent_id_204375be ON public.catering_cateringevent_menu_items USING btree (cateringevent_id);


--
-- Name: catering_cateringevent_menu_items_menu_item_id_a6c4e797; Type: INDEX; Schema: public; Owner: makadiyapreet
--

CREATE INDEX catering_cateringevent_menu_items_menu_item_id_a6c4e797 ON public.catering_cateringevent_menu_items USING btree (menu_item_id);


--
-- Name: catering_memberlog_member_id_161966b9; Type: INDEX; Schema: public; Owner: makadiyapreet
--

CREATE INDEX catering_memberlog_member_id_161966b9 ON public.catering_memberlog USING btree (member_id);


--
-- Name: catering_menu_event_id_b5369b7f; Type: INDEX; Schema: public; Owner: makadiyapreet
--

CREATE INDEX catering_menu_event_id_b5369b7f ON public.catering_menu USING btree (event_id);


--
-- Name: catering_menu_item_category_id_5b642427; Type: INDEX; Schema: public; Owner: makadiyapreet
--

CREATE INDEX catering_menu_item_category_id_5b642427 ON public.catering_menu_item USING btree (category_id);


--
-- Name: catering_menu_items_menu_id_f09569a4; Type: INDEX; Schema: public; Owner: makadiyapreet
--

CREATE INDEX catering_menu_items_menu_id_f09569a4 ON public.catering_menu_items USING btree (menu_id);


--
-- Name: catering_menu_items_menu_item_id_d7562d4a; Type: INDEX; Schema: public; Owner: makadiyapreet
--

CREATE INDEX catering_menu_items_menu_item_id_d7562d4a ON public.catering_menu_items USING btree (menu_item_id);


--
-- Name: catering_user_email_82929df9_like; Type: INDEX; Schema: public; Owner: makadiyapreet
--

CREATE INDEX catering_user_email_82929df9_like ON public.catering_user USING btree (email varchar_pattern_ops);


--
-- Name: catering_user_groups_group_id_d0255b16; Type: INDEX; Schema: public; Owner: makadiyapreet
--

CREATE INDEX catering_user_groups_group_id_d0255b16 ON public.catering_user_groups USING btree (group_id);


--
-- Name: catering_user_groups_user_id_0aada0cd; Type: INDEX; Schema: public; Owner: makadiyapreet
--

CREATE INDEX catering_user_groups_user_id_0aada0cd ON public.catering_user_groups USING btree (user_id);


--
-- Name: catering_user_phone_number_341fed9d_like; Type: INDEX; Schema: public; Owner: makadiyapreet
--

CREATE INDEX catering_user_phone_number_341fed9d_like ON public.catering_user USING btree (phone_number varchar_pattern_ops);


--
-- Name: catering_user_user_permissions_permission_id_eebc7fd6; Type: INDEX; Schema: public; Owner: makadiyapreet
--

CREATE INDEX catering_user_user_permissions_permission_id_eebc7fd6 ON public.catering_user_user_permissions USING btree (permission_id);


--
-- Name: catering_user_user_permissions_user_id_62b48d96; Type: INDEX; Schema: public; Owner: makadiyapreet
--

CREATE INDEX catering_user_user_permissions_user_id_62b48d96 ON public.catering_user_user_permissions USING btree (user_id);


--
-- Name: catering_user_username_d93c6f3c_like; Type: INDEX; Schema: public; Owner: makadiyapreet
--

CREATE INDEX catering_user_username_d93c6f3c_like ON public.catering_user USING btree (username varchar_pattern_ops);


--
-- Name: django_admin_log_content_type_id_c4bce8eb; Type: INDEX; Schema: public; Owner: makadiyapreet
--

CREATE INDEX django_admin_log_content_type_id_c4bce8eb ON public.django_admin_log USING btree (content_type_id);


--
-- Name: django_admin_log_user_id_c564eba6; Type: INDEX; Schema: public; Owner: makadiyapreet
--

CREATE INDEX django_admin_log_user_id_c564eba6 ON public.django_admin_log USING btree (user_id);


--
-- Name: django_session_expire_date_a5c62663; Type: INDEX; Schema: public; Owner: makadiyapreet
--

CREATE INDEX django_session_expire_date_a5c62663 ON public.django_session USING btree (expire_date);


--
-- Name: django_session_session_key_c0390e0f_like; Type: INDEX; Schema: public; Owner: makadiyapreet
--

CREATE INDEX django_session_session_key_c0390e0f_like ON public.django_session USING btree (session_key varchar_pattern_ops);


--
-- Name: auth_group_permissions auth_group_permissio_permission_id_84c5c92e_fk_auth_perm; Type: FK CONSTRAINT; Schema: public; Owner: makadiyapreet
--

ALTER TABLE ONLY public.auth_group_permissions
    ADD CONSTRAINT auth_group_permissio_permission_id_84c5c92e_fk_auth_perm FOREIGN KEY (permission_id) REFERENCES public.auth_permission(id) DEFERRABLE INITIALLY DEFERRED;


--
-- Name: auth_group_permissions auth_group_permissions_group_id_b120cbf9_fk_auth_group_id; Type: FK CONSTRAINT; Schema: public; Owner: makadiyapreet
--

ALTER TABLE ONLY public.auth_group_permissions
    ADD CONSTRAINT auth_group_permissions_group_id_b120cbf9_fk_auth_group_id FOREIGN KEY (group_id) REFERENCES public.auth_group(id) DEFERRABLE INITIALLY DEFERRED;


--
-- Name: auth_permission auth_permission_content_type_id_2f476e4b_fk_django_co; Type: FK CONSTRAINT; Schema: public; Owner: makadiyapreet
--

ALTER TABLE ONLY public.auth_permission
    ADD CONSTRAINT auth_permission_content_type_id_2f476e4b_fk_django_co FOREIGN KEY (content_type_id) REFERENCES public.django_content_type(id) DEFERRABLE INITIALLY DEFERRED;


--
-- Name: authtoken_token authtoken_token_user_id_35299eff_fk_catering_user_id; Type: FK CONSTRAINT; Schema: public; Owner: makadiyapreet
--

ALTER TABLE ONLY public.authtoken_token
    ADD CONSTRAINT authtoken_token_user_id_35299eff_fk_catering_user_id FOREIGN KEY (user_id) REFERENCES public.catering_user(id) DEFERRABLE INITIALLY DEFERRED;


--
-- Name: catering_cateringevent_menu_items catering_cateringeve_cateringevent_id_204375be_fk_catering_; Type: FK CONSTRAINT; Schema: public; Owner: makadiyapreet
--

ALTER TABLE ONLY public.catering_cateringevent_menu_items
    ADD CONSTRAINT catering_cateringeve_cateringevent_id_204375be_fk_catering_ FOREIGN KEY (cateringevent_id) REFERENCES public.catering_cateringevent(id) DEFERRABLE INITIALLY DEFERRED;


--
-- Name: catering_cateringevent_menu_items catering_cateringeve_menu_item_id_a6c4e797_fk_catering_; Type: FK CONSTRAINT; Schema: public; Owner: makadiyapreet
--

ALTER TABLE ONLY public.catering_cateringevent_menu_items
    ADD CONSTRAINT catering_cateringeve_menu_item_id_a6c4e797_fk_catering_ FOREIGN KEY (menu_item_id) REFERENCES public.catering_menu_item(id) DEFERRABLE INITIALLY DEFERRED;


--
-- Name: catering_memberlog catering_memberlog_member_id_161966b9_fk_catering_member_id; Type: FK CONSTRAINT; Schema: public; Owner: makadiyapreet
--

ALTER TABLE ONLY public.catering_memberlog
    ADD CONSTRAINT catering_memberlog_member_id_161966b9_fk_catering_member_id FOREIGN KEY (member_id) REFERENCES public.catering_member(id) DEFERRABLE INITIALLY DEFERRED;


--
-- Name: catering_menu catering_menu_event_id_b5369b7f_fk_catering_cateringevent_id; Type: FK CONSTRAINT; Schema: public; Owner: makadiyapreet
--

ALTER TABLE ONLY public.catering_menu
    ADD CONSTRAINT catering_menu_event_id_b5369b7f_fk_catering_cateringevent_id FOREIGN KEY (event_id) REFERENCES public.catering_cateringevent(id) DEFERRABLE INITIALLY DEFERRED;


--
-- Name: catering_menu_item catering_menu_item_category_id_5b642427_fk_catering_category_id; Type: FK CONSTRAINT; Schema: public; Owner: makadiyapreet
--

ALTER TABLE ONLY public.catering_menu_item
    ADD CONSTRAINT catering_menu_item_category_id_5b642427_fk_catering_category_id FOREIGN KEY (category_id) REFERENCES public.catering_category(id) DEFERRABLE INITIALLY DEFERRED;


--
-- Name: catering_menu_items catering_menu_items_menu_id_f09569a4_fk_catering_menu_id; Type: FK CONSTRAINT; Schema: public; Owner: makadiyapreet
--

ALTER TABLE ONLY public.catering_menu_items
    ADD CONSTRAINT catering_menu_items_menu_id_f09569a4_fk_catering_menu_id FOREIGN KEY (menu_id) REFERENCES public.catering_menu(id) DEFERRABLE INITIALLY DEFERRED;


--
-- Name: catering_menu_items catering_menu_items_menu_item_id_d7562d4a_fk_catering_; Type: FK CONSTRAINT; Schema: public; Owner: makadiyapreet
--

ALTER TABLE ONLY public.catering_menu_items
    ADD CONSTRAINT catering_menu_items_menu_item_id_d7562d4a_fk_catering_ FOREIGN KEY (menu_item_id) REFERENCES public.catering_menu_item(id) DEFERRABLE INITIALLY DEFERRED;


--
-- Name: catering_user_groups catering_user_groups_group_id_d0255b16_fk_auth_group_id; Type: FK CONSTRAINT; Schema: public; Owner: makadiyapreet
--

ALTER TABLE ONLY public.catering_user_groups
    ADD CONSTRAINT catering_user_groups_group_id_d0255b16_fk_auth_group_id FOREIGN KEY (group_id) REFERENCES public.auth_group(id) DEFERRABLE INITIALLY DEFERRED;


--
-- Name: catering_user_groups catering_user_groups_user_id_0aada0cd_fk_catering_user_id; Type: FK CONSTRAINT; Schema: public; Owner: makadiyapreet
--

ALTER TABLE ONLY public.catering_user_groups
    ADD CONSTRAINT catering_user_groups_user_id_0aada0cd_fk_catering_user_id FOREIGN KEY (user_id) REFERENCES public.catering_user(id) DEFERRABLE INITIALLY DEFERRED;


--
-- Name: catering_user_user_permissions catering_user_user_p_permission_id_eebc7fd6_fk_auth_perm; Type: FK CONSTRAINT; Schema: public; Owner: makadiyapreet
--

ALTER TABLE ONLY public.catering_user_user_permissions
    ADD CONSTRAINT catering_user_user_p_permission_id_eebc7fd6_fk_auth_perm FOREIGN KEY (permission_id) REFERENCES public.auth_permission(id) DEFERRABLE INITIALLY DEFERRED;


--
-- Name: catering_user_user_permissions catering_user_user_p_user_id_62b48d96_fk_catering_; Type: FK CONSTRAINT; Schema: public; Owner: makadiyapreet
--

ALTER TABLE ONLY public.catering_user_user_permissions
    ADD CONSTRAINT catering_user_user_p_user_id_62b48d96_fk_catering_ FOREIGN KEY (user_id) REFERENCES public.catering_user(id) DEFERRABLE INITIALLY DEFERRED;


--
-- Name: django_admin_log django_admin_log_content_type_id_c4bce8eb_fk_django_co; Type: FK CONSTRAINT; Schema: public; Owner: makadiyapreet
--

ALTER TABLE ONLY public.django_admin_log
    ADD CONSTRAINT django_admin_log_content_type_id_c4bce8eb_fk_django_co FOREIGN KEY (content_type_id) REFERENCES public.django_content_type(id) DEFERRABLE INITIALLY DEFERRED;


--
-- Name: django_admin_log django_admin_log_user_id_c564eba6_fk_catering_user_id; Type: FK CONSTRAINT; Schema: public; Owner: makadiyapreet
--

ALTER TABLE ONLY public.django_admin_log
    ADD CONSTRAINT django_admin_log_user_id_c564eba6_fk_catering_user_id FOREIGN KEY (user_id) REFERENCES public.catering_user(id) DEFERRABLE INITIALLY DEFERRED;


--
-- PostgreSQL database dump complete
--

\unrestrict oeBex9QBoMSsoIS8AcTu2N8S6e5fUEYvA0bF4GbhWyLQbV8sRapmsTv91OUPKcx

